,Company Name,Model Name,Mobile Weight,RAM,Front Camera,Back Camera,Processor,Battery Capacity,Screen Size,Launched Price (India),Launched Year,Storage,Model
0,Apple,iPhone 16 128GB,174,6.0,12.0,48.0,A17 Bionic,3600,6.1,79999,2024,128,iPhone 16
1,Apple,iPhone 16 256GB,174,6.0,12.0,48.0,A17 Bionic,3600,6.1,84999,2024,256,iPhone 16
2,Apple,iPhone 16 512GB,174,6.0,12.0,48.0,A17 Bionic,3600,6.1,89999,2024,512,iPhone 16
3,Apple,iPhone 16 Plus 128GB,203,6.0,12.0,48.0,A17 Bionic,4200,6.7,89999,2024,128,iPhone 16 Plus
4,Apple,iPhone 16 Plus 256GB,203,6.0,12.0,48.0,A17 Bionic,4200,6.7,94999,2024,256,iPhone 16 Plus
5,Apple,iPhone 16 Plus 512GB,203,6.0,12.0,48.0,A17 Bionic,4200,6.7,104999,2024,512,iPhone 16 Plus
6,Apple,iPhone 16 Pro 128GB,206,6.0,12.0,50.0,A17 Pro,4400,6.1,99999,2024,128,iPhone 16 Pro
7,Apple,iPhone 16 Pro 256GB,206,8.0,12.0,50.0,A17 Pro,4400,6.1,104999,2024,256,iPhone 16 Pro
8,Apple,iPhone 16 Pro 512GB,206,8.0,12.0,50.0,A17 Pro,4400,6.1,114999,2024,512,iPhone 16 Pro
9,Apple,iPhone 16 Pro Max 128GB,221,6.0,12.0,48.0,A17 Pro,4500,6.7,109999,2024,128,iPhone 16 Pro Max
10,Apple,iPhone 16 Pro Max 256GB,221,8.0,12.0,48.0,A17 Pro,4500,6.7,114999,2024,256,iPhone 16 Pro Max
11,Apple,iPhone 16 Pro Max 512GB,221,8.0,12.0,48.0,A17 Pro,4500,6.7,124999,2024,512,iPhone 16 Pro Max
12,Apple,iPhone 15 128GB,171,6.0,12.0,48.0,A16 Bionic,3200,6.1,74999,2023,128,iPhone 15
13,Apple,iPhone 15 256GB,171,6.0,12.0,48.0,A16 Bionic,3200,6.1,79999,2023,256,iPhone 15
14,Apple,iPhone 15 512GB,171,6.0,12.0,48.0,A16 Bionic,3200,6.1,89999,2023,512,iPhone 15
15,Apple,iPhone 15 Plus 128GB,203,6.0,12.0,48.0,A16 Bionic,4300,6.7,84999,2023,128,iPhone 15 Plus
16,Apple,iPhone 15 Plus 256GB,203,6.0,12.0,48.0,A16 Bionic,4300,6.7,94999,2023,256,iPhone 15 Plus
17,Apple,iPhone 15 Plus 512GB,203,6.0,12.0,48.0,A16 Bionic,4300,6.7,104999,2023,512,iPhone 15 Plus
18,Apple,iPhone 15 Pro 128GB,206,6.0,12.0,48.0,A16 Bionic,4400,6.1,99999,2023,128,iPhone 15 Pro
19,Apple,iPhone 15 Pro 256GB,206,8.0,12.0,48.0,A16 Bionic,4400,6.1,109999,2023,256,iPhone 15 Pro
20,Apple,iPhone 15 Pro 512GB,206,8.0,12.0,48.0,A16 Bionic,4400,6.1,119999,2023,512,iPhone 15 Pro
21,Apple,iPhone 15 Pro Max 128GB,221,6.0,12.0,48.0,A16 Bionic,4500,6.7,114999,2023,128,iPhone 15 Pro Max
22,Apple,iPhone 15 Pro Max 256GB,221,8.0,12.0,48.0,A16 Bionic,4500,6.7,124999,2023,256,iPhone 15 Pro Max
23,Apple,iPhone 15 Pro Max 512GB,221,8.0,12.0,48.0,A16 Bionic,4500,6.7,134999,2023,512,iPhone 15 Pro Max
24,Apple,iPhone 14 128GB,172,6.0,12.0,12.0,A15 Bionic,3200,6.1,69999,2022,128,iPhone 14
25,Apple,iPhone 14 256GB,172,6.0,12.0,12.0,A15 Bionic,3200,6.1,74999,2022,256,iPhone 14
26,Apple,iPhone 14 512GB,172,6.0,12.0,12.0,A15 Bionic,3200,6.1,84999,2022,512,iPhone 14
27,Apple,iPhone 14 Plus 128GB,203,6.0,12.0,12.0,A15 Bionic,4325,6.7,79999,2022,128,iPhone 14 Plus
28,Apple,iPhone 14 Plus 256GB,203,6.0,12.0,12.0,A15 Bionic,4325,6.7,84999,2022,256,iPhone 14 Plus
29,Apple,iPhone 14 Plus 512GB,203,6.0,12.0,12.0,A15 Bionic,4325,6.7,94999,2022,512,iPhone 14 Plus
30,Apple,iPhone 14 Pro 128GB,206,6.0,12.0,48.0,A16 Bionic,4200,6.1,109999,2022,128,iPhone 14 Pro
31,Apple,iPhone 14 Pro 256GB,206,8.0,12.0,48.0,A16 Bionic,4200,6.1,119999,2022,256,iPhone 14 Pro
32,Apple,iPhone 14 Pro 512GB,206,8.0,12.0,48.0,A16 Bionic,4200,6.1,134999,2022,512,iPhone 14 Pro
33,Apple,iPhone 14 Pro Max 128GB,221,6.0,12.0,48.0,A16 Bionic,4500,6.7,124999,2022,128,iPhone 14 Pro Max
34,Apple,iPhone 14 Pro Max 256GB,221,8.0,12.0,48.0,A16 Bionic,4500,6.7,134999,2022,256,iPhone 14 Pro Max
35,Apple,iPhone 14 Pro Max 512GB,221,8.0,12.0,48.0,A16 Bionic,4500,6.7,144999,2022,512,iPhone 14 Pro Max
36,Apple,iPhone 13 mini 128GB,140,4.0,12.0,12.0,A15 Bionic,2438,5.4,69900,2021,128,iPhone 13 mini
37,Apple,iPhone 13 mini 256GB,140,4.0,12.0,12.0,A15 Bionic,2438,5.4,74900,2021,256,iPhone 13 mini
38,Apple,iPhone 13 mini 512GB,140,4.0,12.0,12.0,A15 Bionic,2438,5.4,84900,2021,512,iPhone 13 mini
39,Apple,iPhone 13 128GB,174,4.0,12.0,12.0,A15 Bionic,3240,6.1,74900,2021,128,iPhone 13
40,Apple,iPhone 13 256GB,174,4.0,12.0,12.0,A15 Bionic,3240,6.1,84900,2021,256,iPhone 13
41,Apple,iPhone 13 512GB,174,4.0,12.0,12.0,A15 Bionic,3240,6.1,94900,2021,512,iPhone 13
42,Apple,iPhone 13 Pro 128GB,204,6.0,12.0,12.0,A15 Bionic,3095,6.1,119900,2021,128,iPhone 13 Pro
43,Apple,iPhone 13 Pro 256GB,204,6.0,12.0,12.0,A15 Bionic,3095,6.1,129900,2021,256,iPhone 13 Pro
44,Apple,iPhone 13 Pro 512GB,204,6.0,12.0,12.0,A15 Bionic,3095,6.1,139900,2021,512,iPhone 13 Pro
45,Apple,iPhone 13 Pro Max 128GB,238,6.0,12.0,12.0,A15 Bionic,4352,6.7,129900,2021,128,iPhone 13 Pro Max
46,Apple,iPhone 13 Pro Max 256GB,238,6.0,12.0,12.0,A15 Bionic,4352,6.7,139900,2021,256,iPhone 13 Pro Max
47,Apple,iPhone 13 Pro Max 512GB,238,6.0,12.0,12.0,A15 Bionic,4352,6.7,149900,2021,512,iPhone 13 Pro Max
48,Apple,iPhone 12 mini 64GB,135,4.0,12.0,12.0,A14 Bionic,2227,5.4,69900,2020,64,iPhone 12 mini
49,Apple,iPhone 12 mini 128GB,135,4.0,12.0,12.0,A14 Bionic,2227,5.4,74900,2020,128,iPhone 12 mini
50,Apple,iPhone 12 mini 256GB,135,4.0,12.0,12.0,A14 Bionic,2227,5.4,84900,2020,256,iPhone 12 mini
51,Apple,iPhone 12 64GB,164,4.0,12.0,12.0,A14 Bionic,2815,6.1,74900,2020,64,iPhone 12
52,Apple,iPhone 12 128GB,164,4.0,12.0,12.0,A14 Bionic,2815,6.1,84900,2020,128,iPhone 12
53,Apple,iPhone 12 256GB,164,4.0,12.0,12.0,A14 Bionic,2815,6.1,94900,2020,256,iPhone 12
54,Apple,iPhone 12 Pro 128GB,189,6.0,12.0,12.0,A14 Bionic,2815,6.1,119900,2020,128,iPhone 12 Pro
55,Apple,iPhone 12 Pro 256GB,189,6.0,12.0,12.0,A14 Bionic,2815,6.1,129900,2020,256,iPhone 12 Pro
56,Apple,iPhone 12 Pro 512GB,189,6.0,12.0,12.0,A14 Bionic,2815,6.1,139900,2020,512,iPhone 12 Pro
57,Apple,iPhone 12 Pro Max 128GB,228,6.0,12.0,12.0,A14 Bionic,3687,6.7,129900,2020,128,iPhone 12 Pro Max
58,Apple,iPhone 12 Pro Max 256GB,228,6.0,12.0,12.0,A14 Bionic,3687,6.7,139900,2020,256,iPhone 12 Pro Max
59,Apple,iPhone 12 Pro Max 512GB,228,6.0,12.0,12.0,A14 Bionic,3687,6.7,149900,2020,512,iPhone 12 Pro Max
60,Apple,iPhone 11 64GB,194,4.0,12.0,12.0,A13 Bionic,3110,6.1,64900,2019,64,iPhone 11
61,Apple,iPhone 11 128GB,194,4.0,12.0,12.0,A13 Bionic,3110,6.1,74900,2019,128,iPhone 11
62,Apple,iPhone 11 256GB,194,4.0,12.0,12.0,A13 Bionic,3110,6.1,84900,2019,256,iPhone 11
63,Apple,iPhone 11 Pro 64GB,188,4.0,12.0,12.0,A13 Bionic,3046,5.8,99900,2019,64,iPhone 11 Pro
64,Apple,iPhone 11 Pro 256GB,188,4.0,12.0,12.0,A13 Bionic,3046,5.8,109900,2019,256,iPhone 11 Pro
65,Apple,iPhone 11 Pro 512GB,188,4.0,12.0,12.0,A13 Bionic,3046,5.8,119900,2019,512,iPhone 11 Pro
66,Apple,iPhone 11 Pro Max 64GB,226,4.0,12.0,12.0,A13 Bionic,3969,6.5,109900,2019,64,iPhone 11 Pro Max
67,Apple,iPhone 11 Pro Max 256GB,226,4.0,12.0,12.0,A13 Bionic,3969,6.5,119900,2019,256,iPhone 11 Pro Max
68,Apple,iPhone 11 Pro Max 512GB,226,4.0,12.0,12.0,A13 Bionic,3969,6.5,129900,2019,512,iPhone 11 Pro Max
69,Apple,iPhone X 64GB,174,3.0,7.0,12.0,A11 Bionic,2716,5.8,89900,2017,64,iPhone X
70,Apple,iPhone X 256GB,174,3.0,7.0,12.0,A11 Bionic,2716,5.8,99900,2017,256,iPhone X
71,Apple,iPhone XS 64GB,177,4.0,7.0,12.0,A12 Bionic,2658,5.8,99900,2018,64,iPhone XS
72,Apple,iPhone XS 256GB,177,4.0,7.0,12.0,A12 Bionic,2658,5.8,109900,2018,256,iPhone XS
73,Apple,iPhone XS 512GB,177,4.0,7.0,12.0,A12 Bionic,2658,5.8,119900,2018,512,iPhone XS
74,Apple,iPhone XS Max 64GB,208,4.0,7.0,12.0,A12 Bionic,3174,6.5,109900,2018,64,iPhone XS Max
75,Apple,iPhone XS Max 256GB,208,4.0,7.0,12.0,A12 Bionic,3174,6.5,119900,2018,256,iPhone XS Max
76,Apple,iPhone XS Max 512GB,208,4.0,7.0,12.0,A12 Bionic,3174,6.5,129900,2018,512,iPhone XS Max
77,Apple,iPhone XR 64GB,194,3.0,7.0,12.0,A12 Bionic,2942,6.1,64900,2018,64,iPhone XR
78,Apple,iPhone XR 128GB,194,3.0,7.0,12.0,A12 Bionic,2942,6.1,74900,2018,128,iPhone XR
79,Apple,iPhone XR 256GB,194,3.0,7.0,12.0,A12 Bionic,2942,6.1,84900,2018,256,iPhone XR
80,Apple,iPad Air 10.9-inch 64GB,458,4.0,12.0,12.0,A14 Bionic,7608,10.9,54900,2020,64,iPad Air 10.9-inch
81,Apple,iPad Air 10.9-inch 256GB,458,4.0,12.0,12.0,A14 Bionic,7608,10.9,64900,2020,256,iPad Air 10.9-inch
82,Apple,iPad 10.2-inch 32GB,490,3.0,12.0,8.0,A13 Bionic,8612,10.2,29900,2020,32,iPad 10.2-inch
83,Apple,iPad 10.2-inch 128GB,490,3.0,12.0,8.0,A13 Bionic,8612,10.2,39900,2020,128,iPad 10.2-inch
84,Apple,iPad Mini 7.9-inch 64GB,300.5,3.0,7.0,8.0,A12 Bionic,5124,7.9,39900,2019,64,iPad Mini 7.9-inch
85,Apple,iPad Mini 7.9-inch 256GB,300.5,3.0,7.0,8.0,A12 Bionic,5124,7.9,49900,2019,256,iPad Mini 7.9-inch
86,Apple,iPad Pro 11-inch 128GB,468,4.0,7.0,12.0,A12Z Bionic,7812,11,71900,2020,128,iPad Pro 11-inch
87,Apple,iPad Pro 11-inch 256GB,468,4.0,7.0,12.0,A12Z Bionic,7812,11,89900,2020,256,iPad Pro 11-inch
88,Apple,iPad Pro 11-inch 512GB,468,6.0,7.0,12.0,A12Z Bionic,7812,11,109900,2020,512,iPad Pro 11-inch
89,Apple,iPad Pro 12.9-inch 128GB,682,6.0,7.0,12.0,A12Z Bionic,9720,12.9,94900,2020,128,iPad Pro 12.9-inch
90,Apple,iPad Pro 12.9-inch 256GB,682,6.0,7.0,12.0,A12Z Bionic,9720,12.9,109900,2020,256,iPad Pro 12.9-inch
91,Apple,iPad Pro 12.9-inch 512GB,682,6.0,7.0,12.0,A12Z Bionic,9720,12.9,119900,2020,512,iPad Pro 12.9-inch
92,Apple,iPad Pro 13-inch 128GB,708,6.0,7.0,12.0,A12Z Bionic,10307,13,119900,2020,128,iPad Pro 13-inch
93,Apple,iPad Pro 13-inch 256GB,708,6.0,7.0,12.0,A12Z Bionic,10307,13,139900,2020,256,iPad Pro 13-inch
94,Apple,iPad Pro 13-inch 512GB,708,6.0,7.0,12.0,A12Z Bionic,10307,13,159900,2020,512,iPad Pro 13-inch
95,Apple,iPad Pro 13-inch 1TB,708,6.0,7.0,12.0,A12Z Bionic,10307,13,179900,2020,1,iPad Pro 13-inch
96,Apple,iPad Pro 13-inch 2TB,708,6.0,7.0,12.0,A12Z Bionic,10307,13,199900,2020,2,iPad Pro 13-inch
97,Samsung,Galaxy S24 Ultra 128GB,234,12.0,12.0,200.0,Exynos 2400,5000,6.8,104900,2024,128,Galaxy S24 Ultra
98,Samsung,Galaxy S24 Ultra 256GB,234,12.0,12.0,200.0,Exynos 2400,5000,6.8,114900,2024,256,Galaxy S24 Ultra
99,Samsung,Galaxy S24+ 128GB,196,8.0,12.0,50.0,Exynos 2400,4800,6.6,89900,2024,128,Galaxy S24+
100,Samsung,Galaxy S24+ 256GB,196,8.0,12.0,50.0,Exynos 2400,4800,6.6,99900,2024,256,Galaxy S24+
101,Samsung,Galaxy S24 128GB,168,8.0,12.0,50.0,Exynos 2400,4000,6.1,79900,2024,128,Galaxy S24
102,Samsung,Galaxy S24 256GB,168,8.0,12.0,50.0,Exynos 2400,4000,6.1,89900,2024,256,Galaxy S24
103,Samsung,Galaxy S23 Ultra 128GB,228,12.0,12.0,200.0,Snapdragon 8 Gen 2,5000,6.8,99900,2023,128,Galaxy S23 Ultra
104,Samsung,Galaxy S23 Ultra 256GB,228,12.0,12.0,200.0,Snapdragon 8 Gen 2,5000,6.8,109900,2023,256,Galaxy S23 Ultra
105,Samsung,Galaxy S23+ 128GB,196,8.0,12.0,50.0,Snapdragon 8 Gen 2,4700,6.6,79900,2023,128,Galaxy S23+
106,Samsung,Galaxy S23+ 256GB,196,8.0,12.0,50.0,Snapdragon 8 Gen 2,4700,6.6,89900,2023,256,Galaxy S23+
107,Samsung,Galaxy S23 128GB,168,8.0,12.0,50.0,Snapdragon 8 Gen 2,3900,6.1,69900,2023,128,Galaxy S23
108,Samsung,Galaxy S23 256GB,168,8.0,12.0,50.0,Snapdragon 8 Gen 2,3900,6.1,79900,2023,256,Galaxy S23
109,Samsung,Galaxy S22 Ultra 128GB,228,12.0,10.0,108.0,Exynos 2200,5000,6.8,94900,2022,128,Galaxy S22 Ultra
110,Samsung,Galaxy S22 Ultra 256GB,228,12.0,10.0,108.0,Exynos 2200,5000,6.8,104900,2022,256,Galaxy S22 Ultra
111,Samsung,Galaxy S22+ 128GB,195,8.0,10.0,50.0,Exynos 2200,4500,6.6,79900,2022,128,Galaxy S22+
112,Samsung,Galaxy S22+ 256GB,195,8.0,10.0,50.0,Exynos 2200,4500,6.6,89900,2022,256,Galaxy S22+
113,Samsung,Galaxy S22 128GB,167,8.0,10.0,50.0,Exynos 2200,3800,6.1,69900,2022,128,Galaxy S22
114,Samsung,Galaxy S22 256GB,167,8.0,10.0,50.0,Exynos 2200,3800,6.1,79900,2022,256,Galaxy S22
115,Samsung,Galaxy Z Fold 5 256GB,254,12.0,10.0,50.0,Snapdragon 8 Gen 2,4400,7.6,154900,2023,256,Galaxy Z Fold 5
116,Samsung,Galaxy Z Fold 5 512GB,254,12.0,10.0,50.0,Snapdragon 8 Gen 2,4400,7.6,174900,2023,512,Galaxy Z Fold 5
117,Samsung,Galaxy Z Flip 5 256GB,187,8.0,12.0,12.0,Snapdragon 8 Gen 2,3700,6.7,94900,2023,256,Galaxy Z Flip 5
118,Samsung,Galaxy Z Flip 5 512GB,187,8.0,12.0,12.0,Snapdragon 8 Gen 2,3700,6.7,104900,2023,512,Galaxy Z Flip 5
119,Samsung,Galaxy Z Fold 4 256GB,263,12.0,10.0,50.0,Snapdragon 8 Gen 1,4400,7.6,134900,2022,256,Galaxy Z Fold 4
120,Samsung,Galaxy Z Fold 4 512GB,263,12.0,10.0,50.0,Snapdragon 8 Gen 1,4400,7.6,154900,2022,512,Galaxy Z Fold 4
121,Samsung,Galaxy Z Flip 4 256GB,187,8.0,10.0,12.0,Snapdragon 8 Gen 1,3700,6.7,84900,2022,256,Galaxy Z Flip 4
122,Samsung,Galaxy Z Flip 4 512GB,187,8.0,10.0,12.0,Snapdragon 8 Gen 1,3700,6.7,94900,2022,512,Galaxy Z Flip 4
123,Samsung,Galaxy A54 128GB,189,6.0,32.0,50.0,Exynos 1380,5000,6.4,27999,2023,128,Galaxy A54
124,Samsung,Galaxy A54 256GB,189,6.0,32.0,50.0,Exynos 1380,5000,6.4,32999,2023,256,Galaxy A54
125,Samsung,Galaxy A34 128GB,199,6.0,13.0,48.0,MediaTek Dimensity 1080,5000,6.6,22999,2023,128,Galaxy A34
126,Samsung,Galaxy A34 256GB,199,6.0,13.0,48.0,MediaTek Dimensity 1080,5000,6.6,27999,2023,256,Galaxy A34
127,Samsung,Galaxy A24 128GB,195,6.0,13.0,50.0,MediaTek Helio G99,5000,6.5,19999,2023,128,Galaxy A24
128,Samsung,Galaxy A24 256GB,195,6.0,13.0,50.0,MediaTek Helio G99,5000,6.5,24999,2023,256,Galaxy A24
129,Samsung,Galaxy A14 128GB,190,4.0,13.0,50.0,Exynos 850,5000,6.6,18499,2023,128,Galaxy A14
130,Samsung,Galaxy A14 256GB,190,4.0,13.0,50.0,Exynos 850,5000,6.6,21999,2023,256,Galaxy A14
131,Samsung,Galaxy A04 64GB,188,4.0,5.0,50.0,Exynos 850,5000,6.5,14999,2022,64,Galaxy A04
132,Samsung,Galaxy A04 128GB,188,4.0,5.0,50.0,Exynos 850,5000,6.5,18499,2022,128,Galaxy A04
133,Samsung,Galaxy M54 128GB,202,8.0,32.0,108.0,Exynos 1380,6000,6.7,23999,2023,128,Galaxy M54
134,Samsung,Galaxy M54 256GB,202,8.0,32.0,108.0,Exynos 1380,6000,6.7,26999,2023,256,Galaxy M54
135,Samsung,Galaxy M34 128GB,199,6.0,13.0,50.0,Exynos 1280,6000,6.5,17999,2023,128,Galaxy M34
136,Samsung,Galaxy M34 256GB,199,6.0,13.0,50.0,Exynos 1280,6000,6.5,20999,2023,256,Galaxy M34
137,Samsung,Galaxy M14 128GB,202,4.0,13.0,50.0,Exynos 850,6000,6.6,14999,2023,128,Galaxy M14
138,Samsung,Galaxy M14 256GB,202,4.0,13.0,50.0,Exynos 850,6000,6.6,17999,2023,256,Galaxy M14
139,Samsung,Galaxy M04 64GB,188,4.0,5.0,13.0,MediaTek Helio P35,5000,6.5,12999,2022,64,Galaxy M04
140,Samsung,Galaxy M04 128GB,188,4.0,5.0,13.0,MediaTek Helio P35,5000,6.5,15999,2022,128,Galaxy M04
141,Samsung,Galaxy F54 128GB,199,8.0,32.0,108.0,Exynos 1380,6000,6.7,23999,2023,128,Galaxy F54
142,Samsung,Galaxy F54 256GB,199,8.0,32.0,108.0,Exynos 1380,6000,6.7,26999,2023,256,Galaxy F54
143,Samsung,Galaxy F34 128GB,190,6.0,13.0,50.0,Exynos 1280,6000,6.5,18999,2023,128,Galaxy F34
144,Samsung,Galaxy F34 256GB,190,6.0,13.0,50.0,Exynos 1280,6000,6.5,21999,2023,256,Galaxy F34
145,Samsung,Galaxy F14 128GB,198,4.0,13.0,50.0,Exynos 850,6000,6.6,14999,2023,128,Galaxy F14
146,Samsung,Galaxy F14 256GB,198,4.0,13.0,50.0,Exynos 850,6000,6.6,17999,2023,256,Galaxy F14
147,Samsung,Galaxy Note 20 Ultra 128GB,208,12.0,10.0,108.0,Exynos 990,4500,6.9,99999,2020,128,Galaxy Note 20 Ultra
148,Samsung,Galaxy Note 20 Ultra 256GB,208,12.0,10.0,108.0,Exynos 990,4500,6.9,104999,2020,256,Galaxy Note 20 Ultra
149,Samsung,Galaxy Note 20 128GB,192,8.0,10.0,108.0,Exynos 990,4300,6.7,77999,2020,128,Galaxy Note 20
150,Samsung,Galaxy Note 20 256GB,192,8.0,10.0,108.0,Exynos 990,4300,6.7,89999,2020,256,Galaxy Note 20
151,Samsung,Galaxy Note 10+ 256GB,196,12.0,10.0,12.0,Exynos 9825,4300,6.8,74999,2019,256,Galaxy Note 10+
152,Samsung,Galaxy Note 10+ 512GB,196,12.0,10.0,12.0,Exynos 9825,4300,6.8,84999,2019,512,Galaxy Note 10+
153,Samsung,Galaxy Note 10 256GB,168,8.0,10.0,12.0,Exynos 9825,3500,6.3,64999,2019,256,Galaxy Note 10
154,Samsung,Galaxy Note 10 128GB,168,8.0,10.0,12.0,Exynos 9825,3500,6.3,59999,2019,128,Galaxy Note 10
155,Samsung,Galaxy Xcover 6 Pro 128GB,235,6.0,13.0,50.0,Exynos 1380,4050,6.6,28999,2022,128,Galaxy Xcover 6 Pro
156,Samsung,Galaxy Xcover 5 64GB,172,4.0,5.0,16.0,Exynos 850,3000,5.3,17499,2020,64,Galaxy Xcover 5
157,Samsung,Galaxy J8 64GB,191,4.0,16.0,16.0,Snapdragon 450,3500,6.0,18990,2018,64,Galaxy J8
158,Samsung,Galaxy J7 Pro 64GB,181,3.0,13.0,13.0,Exynos 7870,3600,5.5,18990,2017,64,Galaxy J7 Pro
159,Samsung,Galaxy J6+ 64GB,178,4.0,8.0,13.0,Snapdragon 425,3300,6.0,15999,2018,64,Galaxy J6+
160,Samsung,Galaxy J4 16GB,175,2.0,5.0,13.0,Exynos 7570,3000,5.5,9990,2018,16,Galaxy J4
161,Samsung,Galaxy C9 Pro 64GB,189,6.0,16.0,16.0,Snapdragon 653,4000,6.0,32990,2016,64,Galaxy C9 Pro
162,Samsung,Galaxy C7 Pro 64GB,165,4.0,16.0,16.0,Snapdragon 625,3300,5.7,22990,2017,64,Galaxy C7 Pro
163,Samsung,Galaxy C5 32GB,143,4.0,8.0,16.0,Snapdragon 617,2600,5.2,19990,2016,32,Galaxy C5
164,Samsung,Galaxy W22 5G 256GB,228,12.0,10.0,108.0,Snapdragon 888,4500,7.6,99999,2021,256,Galaxy W22 5G
165,Samsung,Galaxy W21 5G 256GB,229,12.0,10.0,108.0,Snapdragon 888,4500,7.6,89999,2020,256,Galaxy W21 5G
166,Samsung,Galaxy Tab S9 Ultra 256GB,732,12.0,12.0,13.0,Snapdragon 8 Gen 2,11200,14.6,114999,2023,256,Galaxy Tab S9 Ultra
167,Samsung,Galaxy Tab S9+ 256GB,586,12.0,12.0,13.0,Snapdragon 8 Gen 2,10090,12.4,99999,2023,256,Galaxy Tab S9+
168,Samsung,Galaxy Tab S9 128GB,498,8.0,12.0,13.0,Snapdragon 8 Gen 2,8400,11,85999,2023,128,Galaxy Tab S9
169,Samsung,Galaxy Tab S9 FE 128GB,523,6.0,12.0,8.0,Exynos 1380,8000,10.9,49999,2023,128,Galaxy Tab S9 FE
170,Samsung,Galaxy Tab S8 Ultra 256GB,726,12.0,12.0,13.0,Snapdragon 8 Gen 1,11200,14.6,109999,2022,256,Galaxy Tab S8 Ultra
171,Samsung,Galaxy Tab S8+ 256GB,567,8.0,12.0,13.0,Snapdragon 8 Gen 1,10090,12.4,94999,2022,256,Galaxy Tab S8+
172,Samsung,Galaxy Tab S8 128GB,503,8.0,12.0,13.0,Snapdragon 8 Gen 1,8000,11,74999,2022,128,Galaxy Tab S8
173,Samsung,Galaxy Tab A9+ 128GB,480,8.0,5.0,8.0,Snapdragon 695,7040,11,22999,2023,128,Galaxy Tab A9+
174,Samsung,Galaxy Tab A9 64GB,366,4.0,2.0,8.0,MediaTek Helio G99,5100,8.7,16999,2023,64,Galaxy Tab A9
175,Samsung,Galaxy Tab A8 64GB,508,4.0,5.0,8.0,Unisoc T618,7040,10.5,17999,2022,64,Galaxy Tab A8
176,Samsung,Galaxy Tab A7 Lite 32GB,366,3.0,2.0,8.0,MediaTek Helio P22T,5100,8.7,11999,2021,32,Galaxy Tab A7 Lite
177,Samsung,Galaxy Tab Active 5 128GB,433,6.0,5.0,13.0,Exynos 1380,5050,8,54999,2024,128,Galaxy Tab Active 5
178,Samsung,Galaxy Tab Active 4 Pro 128GB,674,6.0,8.0,13.0,Snapdragon 778G,7600,10.1,64999,2022,128,Galaxy Tab Active 4 Pro
179,Samsung,Galaxy Tab Active 3 64GB,426,4.0,5.0,13.0,Exynos 9810,5050,8,44999,2020,64,Galaxy Tab Active 3
180,Samsung,Galaxy Tab E 10.1 16GB,490,1.5,2.0,5.0,Spreadtrum SC8830,5000,10.1,9999,2016,16,Galaxy Tab E 10.1
181,Samsung,Galaxy Tab E 8.0 16GB,360,1.5,2.0,5.0,Qualcomm MSM8916,5000,8,8499,2016,16,Galaxy Tab E 8.0
182,OnePlus,OnePlus 12 256GB,205,12.0,32.0,50.0,Snapdragon 8 Gen 3,5000,6.7,74999,2024,256,OnePlus 12
183,OnePlus,OnePlus 12R 256GB,203,12.0,16.0,50.0,Snapdragon 8 Gen 2,4500,6.7,49999,2024,256,OnePlus 12R
184,OnePlus,OnePlus 11 256GB,205,12.0,16.0,50.0,Snapdragon 8 Gen 1,5000,6.7,54999,2023,256,OnePlus 11
185,OnePlus,OnePlus 11R 256GB,202,12.0,16.0,50.0,Snapdragon 8 Gen 1,5000,6.7,44999,2023,256,OnePlus 11R
186,OnePlus,OnePlus Nord 3 256GB,190,12.0,16.0,50.0,MediaTek Dimensity 9000,5000,6.74,34999,2023,256,OnePlus Nord 3
187,OnePlus,OnePlus Nord CE 3 128GB,179,8.0,16.0,50.0,Snapdragon 782G,5000,6.72,22999,2023,128,OnePlus Nord CE 3
188,OnePlus,OnePlus Nord CE 3 Lite 128GB,195,8.0,16.0,108.0,Snapdragon 695,5000,6.72,17999,2023,128,OnePlus Nord CE 3 Lite
189,OnePlus,OnePlus Nord N30 5G 128GB,192,8.0,16.0,64.0,MediaTek Dimensity 6020,5000,6.72,16999,2023,128,OnePlus Nord N30 5G
190,OnePlus,OnePlus Open 256GB,238,16.0,32.0,48.0,Snapdragon 8 Gen 2,4800,7.8,74999,2024,256,OnePlus Open
191,OnePlus,OnePlus 10 Pro 256GB,200,12.0,32.0,50.0,Snapdragon 8 Gen 1,5000,6.7,64999,2022,256,OnePlus 10 Pro
192,OnePlus,OnePlus 10T 256GB,203,12.0,16.0,50.0,Snapdragon 8+ Gen 1,4500,6.7,54999,2022,256,OnePlus 10T
193,OnePlus,OnePlus 9 Pro 256GB,192,12.0,16.0,48.0,Snapdragon 888,4500,6.7,59999,2021,256,OnePlus 9 Pro
194,OnePlus,OnePlus 9 128GB,183,8.0,16.0,48.0,Snapdragon 888,4500,6.55,39999,2021,128,OnePlus 9
195,OnePlus,OnePlus 11 Pro 256GB,204,16.0,32.0,50.0,Snapdragon 8 Gen 2,5000,6.7,74999,2023,256,OnePlus 11 Pro
196,OnePlus,OnePlus Nord 2T 128GB,190,8.0,32.0,50.0,MediaTek Dimensity 1300,4500,6.43,28999,2022,128,OnePlus Nord 2T
197,OnePlus,OnePlus Nord 2 128GB,190,8.0,32.0,50.0,MediaTek Dimensity 1200-AI,4500,6.43,27999,2021,128,OnePlus Nord 2
198,OnePlus,OnePlus Nord N200 64GB,189,4.0,16.0,13.0,Snapdragon 480,5000,6.49,15999,2021,64,OnePlus Nord N200
199,OnePlus,OnePlus Nord N100 64GB,185,4.0,8.0,13.0,Qualcomm Snapdragon 460,5000,6.52,12999,2020,64,OnePlus Nord N100
200,OnePlus,OnePlus 8T Cyberpunk 2077 Edition 256GB,188,12.0,16.0,48.0,Snapdragon 865,4500,6.55,45999,2020,256,OnePlus 8T Cyberpunk 2077 Edition
201,OnePlus,OnePlus 9T 128GB,192,8.0,16.0,48.0,Snapdragon 888,4500,6.55,49999,2021,128,OnePlus 9T
202,OnePlus,OnePlus 8T 256GB,188,12.0,16.0,48.0,Snapdragon 865,4500,6.55,42999,2020,256,OnePlus 8T
203,OnePlus,OnePlus 10T 5G 256GB,203,12.0,16.0,50.0,Snapdragon 8+ Gen 1,4500,6.7,54999,2022,256,OnePlus 10T 5G
204,OnePlus,OnePlus 9R 5G 128GB,189,8.0,16.0,48.0,Snapdragon 870,4500,6.55,39999,2021,128,OnePlus 9R 5G
205,OnePlus,OnePlus 8 Pro 256GB,199,12.0,16.0,48.0,Snapdragon 865,4510,6.78,54999,2020,256,OnePlus 8 Pro
206,OnePlus,OnePlus 8 128GB,180,8.0,16.0,48.0,Snapdragon 865,4300,6.55,41999,2020,128,OnePlus 8
207,OnePlus,OnePlus Nord CE 2 Lite 128GB,195,6.0,16.0,64.0,MediaTek Dimensity 900,5000,6.59,19999,2022,128,OnePlus Nord CE 2 Lite
208,OnePlus,OnePlus Nord CE 2 128GB,173,8.0,16.0,64.0,MediaTek Dimensity 1200,4500,6.43,23999,2022,128,OnePlus Nord CE 2
209,OnePlus,OnePlus Nord 1 128GB,184,6.0,16.0,48.0,Snapdragon 765G,4115,6.44,22999,2020,128,OnePlus Nord 1
210,OnePlus,OnePlus Nord CE 5G 128GB,170,6.0,16.0,64.0,Snapdragon 750G,4500,6.43,24999,2021,128,OnePlus Nord CE 5G
211,OnePlus,OnePlus Nord 2 5G 128GB,189,8.0,32.0,50.0,MediaTek Dimensity 1200-AI,4500,6.43,27999,2021,128,OnePlus Nord 2 5G
212,OnePlus,OnePlus Nord N100 5G 64GB,185,4.0,8.0,13.0,Qualcomm Snapdragon 460,5000,6.52,12999,2020,64,OnePlus Nord N100 5G
213,OnePlus,OnePlus Nord N10 5G 128GB,190,6.0,16.0,64.0,Qualcomm Snapdragon 690,4300,6.49,19999,2020,128,OnePlus Nord N10 5G
214,OnePlus,OnePlus 8R 128GB,192,8.0,16.0,48.0,Snapdragon 865,4300,6.55,41999,2020,128,OnePlus 8R
215,OnePlus,OnePlus 7R 128GB,190,6.0,16.0,48.0,Snapdragon 855,3700,6.41,38999,2020,128,OnePlus 7R
216,OnePlus,OnePlus 6T McLaren Edition 256GB,185,10.0,16.0,20.0,Snapdragon 845,3700,6.41,50999,2018,256,OnePlus 6T McLaren Edition
217,OnePlus,OnePlus 5T Star Wars Edition 128GB,162,6.0,16.0,16.0,Snapdragon 835,3300,6.01,34999,2017,128,OnePlus 5T Star Wars Edition
218,OnePlus,OnePlus 13R 128GB,210,8.0,16.0,50.0,Snapdragon 8 Gen 2,4500,6.7,74999,2023,128,OnePlus 13R
219,OnePlus,OnePlus 11T 128GB,202,12.0,32.0,50.0,Snapdragon 8 Gen 2,5000,6.7,74999,2023,128,OnePlus 11T
220,OnePlus,OnePlus 10R 128GB,205,8.0,16.0,50.0,MediaTek Dimensity 8100,4500,6.7,49999,2022,128,OnePlus 10R
221,OnePlus,OnePlus 7 Pro 5G 256GB,206,12.0,16.0,48.0,Snapdragon 855,4000,6.67,59999,2019,256,OnePlus 7 Pro 5G
222,OnePlus,OnePlus 6 Special Edition 128GB,177,6.0,16.0,20.0,Snapdragon 845,3300,6.28,37999,2018,128,OnePlus 6 Special Edition
223,OnePlus,OnePlus 5 Special Edition 128GB,155,8.0,16.0,20.0,Snapdragon 835,3300,5.5,36999,2017,128,OnePlus 5 Special Edition
224,OnePlus,OnePlus Nord X 128GB,190,8.0,32.0,64.0,Snapdragon 765G,4000,6.44,24999,2020,128,OnePlus Nord X
225,OnePlus,OnePlus 8 Pro McLaren Edition 256GB,199,12.0,16.0,48.0,Snapdragon 865,4510,6.78,59999,2020,256,OnePlus 8 Pro McLaren Edition
226,OnePlus,OnePlus 8T Cyberpunk Edition 256GB,188,12.0,16.0,48.0,Snapdragon 865,4500,6.55,58999,2020,256,OnePlus 8T Cyberpunk Edition
227,OnePlus,OnePlus 7T Pro 5G McLaren Edition 256GB,206,12.0,16.0,48.0,Snapdragon 855,4085,6.67,69999,2019,256,OnePlus 7T Pro 5G McLaren Edition
228,OnePlus,OnePlus 15R 128GB,210,12.0,32.0,50.0,Snapdragon 8 Gen 3,5000,6.7,74999,2023,128,OnePlus 15R
229,OnePlus,OnePlus 14+ 128GB,202,8.0,16.0,64.0,Snapdragon 8 Gen 2,4800,6.55,69999,2023,128,OnePlus 14+
230,OnePlus,OnePlus 13 Pro 256GB,215,12.0,32.0,50.0,Snapdragon 8 Gen 2,5000,6.7,74999,2023,256,OnePlus 13 Pro
231,OnePlus,OnePlus 12T 5G 256GB,200,12.0,16.0,50.0,Snapdragon 8 Gen 2,5000,6.7,74999,2023,256,OnePlus 12T 5G
232,OnePlus,OnePlus Pad,550,8.0,8.0,13.0,MediaTek Dimensity 9000,9510,11.61,39999,2023,,OnePlus
233,OnePlus,OnePlus Pad 2,550,8.0,8.0,13.0,MediaTek Dimensity 9000,9510,11.61,44999,2024,2,OnePlus Pad
234,OnePlus,OnePlus Pad Pro,610,12.0,16.0,50.0,Snapdragon 8 Gen 3,11000,12.4,69999,2024,,OnePlus Pad
235,Vivo,X200 128GB,223,12.0,32.0,50.0,Dimensity 9400,6000,6.78,119999,2024,128,X200
236,Vivo,X200 256GB,223,12.0,32.0,50.0,Dimensity 9400,6000,6.78,129999,2024,256,X200
237,Vivo,X200 Pro 256GB,223,16.0,32.0,200.0,Dimensity 9400,6000,6.78,139999,2024,256,X200 Pro
238,Vivo,X200 Pro 512GB,223,16.0,32.0,200.0,Dimensity 9400,6000,6.78,149999,2024,512,X200 Pro
239,Vivo,X200 Pro Mini 256GB,187,16.0,32.0,50.0,Dimensity 9400,5700,6.31,109999,2024,256,X200 Pro Mini
240,Vivo,V40e 128GB,179,8.0,44.0,64.0,Snapdragon 778G,4100,6.44,44999,2024,128,V40e
241,Vivo,Y200 GT 128GB,190,12.0,16.0,64.0,Dimensity 1200,5000,6.58,39999,2024,128,Y200 GT
242,Vivo,T3 5G 128GB,180,8.0,16.0,50.0,Snapdragon 870,5000,6.67,34999,2024,128,T3 5G
243,Vivo,Y100 5G 128GB,181,8.0,16.0,64.0,Dimensity 900,4500,6.38,29999,2024,128,Y100 5G
244,Vivo,S18 Pro 256GB,189,12.0,32.0,108.0,Snapdragon 8 Gen 2,4700,6.56,59999,2024,256,S18 Pro
245,Vivo,V30 Pro 128GB,192,12.0,32.0,64.0,Dimensity 1100,4500,6.44,49999,2024,128,V30 Pro
246,Vivo,iQOO 12 256GB,210,16.0,16.0,50.0,Snapdragon 8 Gen 3,5000,6.78,64999,2024,256,iQOO 12
247,Vivo,Z3 64GB,162,6.0,12.0,16.0,Snapdragon 710,3315,6.3,22999,2018,64,Z3
248,Vivo,V9 64GB,150,4.0,24.0,16.0,Snapdragon 626,3260,6.3,19999,2018,64,V9
249,Vivo,X9 Plus 128GB,199,6.0,,16.0,Snapdragon 653,4000,5.88,24999,2017,128,X9 Plus
250,Vivo,Y81 32GB,146,3.0,5.0,13.0,MediaTek Helio P22,3260,6.22,12999,2018,32,Y81
251,Vivo,X5Max 16GB,146,2.0,5.0,13.0,Snapdragon 615,2300,5.5,16999,2014,16,X5Max
252,Vivo,V5 Plus 64GB,158,4.0,,16.0,Snapdragon 625,3055,5.5,22999,2017,64,V5 Plus
253,Vivo,Y95 64GB,163,4.0,20.0,,Snapdragon 439,4030,6.22,16999,2018,64,Y95
254,Vivo,V3 Max 32GB,168,4.0,8.0,13.0,Snapdragon 652,3000,5.5,13999,2016,32,V3 Max
255,Vivo,X3S 16GB,153,1.0,5.0,13.0,MediaTek MT6592,2000,5.0,10999,2014,16,X3S
256,Vivo,Y66 32GB,155,3.0,16.0,13.0,Snapdragon 430,3000,5.5,14999,2017,32,Y66
257,Vivo,V19 128GB,176,8.0,32.0,48.0,Qualcomm Snapdragon 712,4500,6.44,27990,2020,128,V19
258,Vivo,V19 256GB,176,8.0,32.0,48.0,Qualcomm Snapdragon 712,4500,6.44,31990,2020,256,V19
259,Vivo,V17 Pro 128GB,201,8.0,32.0,48.0,Qualcomm Snapdragon 675,4100,6.44,27990,2019,128,V17 Pro
260,Vivo,V17 Pro 256GB,201,8.0,32.0,48.0,Qualcomm Snapdragon 675,4100,6.44,33990,2019,256,V17 Pro
261,Vivo,Y12s 64GB,191,3.0,8.0,13.0,MediaTek Helio P35,5000,6.51,10990,2020,64,Y12s
262,Vivo,Y12s 128GB,191,4.0,8.0,13.0,MediaTek Helio P35,5000,6.51,13990,2020,128,Y12s
263,Vivo,S1 Pro 128GB,185,6.0,32.0,48.0,MediaTek Helio P65,4500,6.38,19990,2019,128,S1 Pro
264,Vivo,S1 Pro 256GB,185,6.0,32.0,48.0,MediaTek Helio P65,4500,6.38,24990,2019,256,S1 Pro
265,Vivo,Y11 32GB,190,3.0,8.0,13.0,Qualcomm Snapdragon 439,5000,6.35,10999,2019,32,Y11
266,Vivo,Y11 64GB,190,3.0,8.0,13.0,Qualcomm Snapdragon 439,5000,6.35,13490,2019,64,Y11
267,Vivo,V15 128GB,190,6.0,32.0,48.0,MediaTek Helio P70,4000,6.53,22990,2019,128,V15
268,Vivo,V15 256GB,190,6.0,32.0,48.0,MediaTek Helio P70,4000,6.53,26990,2019,256,V15
269,Vivo,X27 Pro 128GB,190,8.0,32.0,48.0,Qualcomm Snapdragon 710,4000,6.39,35990,2019,128,X27 Pro
270,Vivo,X27 Pro 256GB,190,8.0,32.0,48.0,Qualcomm Snapdragon 710,4000,6.39,39990,2019,256,X27 Pro
271,Vivo,Y30 128GB,193,4.0,8.0,13.0,MediaTek Helio P35,5000,6.47,14990,2020,128,Y30
272,Vivo,Y30 64GB,193,3.0,8.0,13.0,MediaTek Helio P35,5000,6.47,11990,2020,64,Y30
273,Vivo,Z1 Pro 64GB,159,4.0,16.0,16.0,Qualcomm Snapdragon 712,4500,6.53,18990,2019,64,Z1 Pro
274,Vivo,Z1 Pro 128GB,159,6.0,16.0,16.0,Qualcomm Snapdragon 712,4500,6.53,22990,2019,128,Z1 Pro
275,Vivo,X21 128GB,156,6.0,12.0,12.0,Qualcomm Snapdragon 660,3200,6.28,24990,2018,128,X21
276,Vivo,X21 64GB,156,4.0,12.0,12.0,Qualcomm Snapdragon 660,3200,6.28,21990,2018,64,X21
277,Vivo,V23e 128GB,172,8.0,50.0,64.0,MediaTek Helio G96,4050,6.44,20999,2021,128,V23e
278,Vivo,V23e 256GB,172,8.0,50.0,64.0,MediaTek Helio G96,4050,6.44,24999,2021,256,V23e
279,Vivo,Y33s 128GB,182,8.0,16.0,50.0,MediaTek Helio G80,5000,6.58,17999,2021,128,Y33s
280,Vivo,Y33s 64GB,182,4.0,16.0,50.0,MediaTek Helio G80,5000,6.58,14999,2021,64,Y33s
281,Vivo,X60 Pro 256GB,190,12.0,32.0,48.0,Qualcomm Snapdragon 870,4200,6.56,44999,2021,256,X60 Pro
282,Vivo,X60 Pro 512GB,190,12.0,32.0,48.0,Qualcomm Snapdragon 870,4200,6.56,49999,2021,512,X60 Pro
283,Vivo,V20 Pro 128GB,173,8.0,44.0,64.0,Qualcomm Snapdragon 765G,4000,6.44,25999,2020,128,V20 Pro
284,Vivo,V20 Pro 256GB,173,8.0,44.0,64.0,Qualcomm Snapdragon 765G,4000,6.44,29999,2020,256,V20 Pro
285,Vivo,Y75 5G 128GB,179,8.0,16.0,50.0,MediaTek Dimensity 700,5000,6.58,21999,2021,128,Y75 5G
286,Vivo,Y75 5G 256GB,179,8.0,16.0,50.0,MediaTek Dimensity 700,5000,6.58,25999,2021,256,Y75 5G
287,Vivo,Y53s 128GB,190,6.0,16.0,64.0,MediaTek Helio G80,5000,6.58,16999,2021,128,Y53s
288,Vivo,Y53s 64GB,190,6.0,16.0,64.0,MediaTek Helio G80,5000,6.58,13999,2021,64,Y53s
289,Vivo,V15 Pro 128GB,185,6.0,32.0,48.0,Qualcomm Snapdragon 675,3700,6.39,25999,2019,128,V15 Pro
290,Vivo,V15 Pro 256GB,185,6.0,32.0,48.0,Qualcomm Snapdragon 675,3700,6.39,29999,2019,256,V15 Pro
291,Vivo,X70 Pro 128GB,185,8.0,32.0,50.0,MediaTek Dimensity 1200,4450,6.56,39999,2021,128,X70 Pro
292,Vivo,X70 Pro 256GB,185,8.0,32.0,50.0,MediaTek Dimensity 1200,4450,6.56,44999,2021,256,X70 Pro
293,Vivo,T1 5G 128GB,181,6.0,16.0,50.0,Qualcomm Snapdragon 695,5000,6.58,17999,2022,128,T1 5G
294,Vivo,T1 5G 256GB,181,8.0,16.0,50.0,Qualcomm Snapdragon 695,5000,6.58,21999,2022,256,T1 5G
295,Vivo,X30 Pro 128GB,199,8.0,32.0,64.0,Qualcomm Snapdragon 855,4200,6.44,47999,2019,128,X30 Pro
296,Vivo,X30 Pro 256GB,199,8.0,32.0,64.0,Qualcomm Snapdragon 855,4200,6.44,54999,2019,256,X30 Pro
297,Vivo,V27 128GB,182,8.0,50.0,50.0,MediaTek Dimensity 8200,4600,6.78,29999,2023,128,V27
298,Vivo,V27 256GB,182,8.0,50.0,50.0,MediaTek Dimensity 8200,4600,6.78,32999,2023,256,V27
299,Vivo,V27 Pro 128GB,182,8.0,50.0,50.0,MediaTek Dimensity 8200,4600,6.78,34999,2023,128,V27 Pro
300,Vivo,V27 Pro 256GB,182,8.0,50.0,50.0,MediaTek Dimensity 8200,4600,6.78,37999,2023,256,V27 Pro
301,Vivo,V25 Pro 128GB,190,8.0,32.0,64.0,MediaTek Dimensity 1300,4830,6.56,25999,2022,128,V25 Pro
302,Vivo,V25 Pro 256GB,190,8.0,32.0,64.0,MediaTek Dimensity 1300,4830,6.56,29999,2022,256,V25 Pro
303,Vivo,X90 Pro 256GB,221,12.0,32.0,50.0,MediaTek Dimensity 9200,4870,6.78,69999,2022,256,X90 Pro
304,Vivo,X90 Pro 512GB,221,12.0,32.0,50.0,MediaTek Dimensity 9200,4870,6.78,79999,2022,512,X90 Pro
305,Vivo,Y100 128GB,190,8.0,16.0,64.0,MediaTek Dimensity 900,4500,6.44,19999,2023,128,Y100
306,Vivo,Y100 256GB,190,8.0,16.0,64.0,MediaTek Dimensity 900,4500,6.44,22999,2023,256,Y100
307,Vivo,T2 Series 128GB,190,8.0,16.0,64.0,Qualcomm Snapdragon 695,4500,6.44,15999,2023,128,T2 Series
308,Vivo,T2 Series 256GB,190,8.0,16.0,64.0,Qualcomm Snapdragon 695,4500,6.44,18999,2023,256,T2 Series
309,Vivo,V23 5G 128GB,179,8.0,50.0,64.0,MediaTek Dimensity 920,4200,6.44,27999,2022,128,V23 5G
310,Vivo,V23 5G 256GB,179,8.0,50.0,64.0,MediaTek Dimensity 920,4200,6.44,32999,2022,256,V23 5G
311,Vivo,X80 256GB,206,12.0,32.0,50.0,MediaTek Dimensity 9000,4700,6.78,59999,2022,256,X80
312,Vivo,X80 512GB,206,12.0,32.0,50.0,MediaTek Dimensity 9000,4700,6.78,69999,2022,512,X80
313,Vivo,Y21 128GB,182,4.0,8.0,13.0,MediaTek Helio P35,5000,6.51,12999,2021,128,Y21
314,Vivo,Y21 64GB,182,4.0,8.0,13.0,MediaTek Helio P35,5000,6.51,9999,2021,64,Y21
315,Vivo,Pad 128GB,498,6.0,8.0,13.0,Snapdragon 870,8040,11,34999,2022,128,Pad
316,Vivo,Pad 2 256GB,535,8.0,8.0,50.0,MediaTek Dimensity 1200,8040,11,39999,2023,256,Pad 2
317,Vivo,Pad Air 128GB,510,6.0,8.0,13.0,Snapdragon 870,8040,10.4,31999,2023,128,Pad Air
318,Vivo,Pad 3 128GB,500,6.0,8.0,13.0,Snapdragon 750G,8040,11,34999,2023,128,Pad 3
319,Vivo,Pad 3 Pro 256GB,550,8.0,8.0,50.0,Snapdragon 888,8040,12.3,45999,2023,256,Pad 3 Pro
320,Vivo,Pad 4 Pro 256GB,560,8.0,8.0,50.0,MediaTek Dimensity 9000,8040,12.9,49999,2024,256,Pad 4 Pro
321,iQOO,Pad 128GB,520,6.0,8.0,13.0,Snapdragon 870,8040,11,37999,2023,128,Pad
322,iQOO,Pad 2 256GB,540,8.0,8.0,50.0,Snapdragon 888,8040,12.3,43999,2024,256,Pad 2
323,iQOO,Pad 2 Pro 256GB,555,8.0,8.0,50.0,Snapdragon 8 Gen 1,8040,12.3,49999,2024,256,Pad 2 Pro
324,Oppo,Find N3 512GB,239,12.0,32.0,48.0,Snapdragon 8 Gen 2,4805,7.82,159999,2023,512,Find N3
325,Oppo,Find N3 Flip 256GB,198,12.0,32.0,50.0,MediaTek Dimensity 9200,4300,6.8,109999,2023,256,Find N3 Flip
326,Oppo,Find X8 Pro 256GB,210,12.0,32.0,50.0,Snapdragon 8 Gen 2,5000,6.8,139999,2024,256,Find X8 Pro
327,Oppo,Find X8 256GB,195,8.0,32.0,50.0,Snapdragon 8 Gen 2,4800,6.7,119999,2024,256,Find X8
328,Oppo,Reno13 F 4G 256GB,192,8.0,32.0,50.0,MediaTek Helio G100,5800,6.67,44999,2025,256,Reno13 F 4G
329,Oppo,Reno13 F 256GB,192,8.0,32.0,50.0,MediaTek Helio G100,5800,6.67,44999,2025,256,Reno13 F
330,Oppo,Reno13 Pro 512GB,210,12.0,50.0,50.0,MediaTek Dimensity 8350,5800,6.83,69999,2025,512,Reno13 Pro
331,Oppo,Reno13 256GB,200,12.0,50.0,50.0,MediaTek Dimensity 8350,5600,6.59,54999,2025,256,Reno13
332,Oppo,Reno12 F 4G 256GB,187,8.0,32.0,50.0,Snapdragon 685,5000,6.7,39999,2024,256,Reno12 F 4G
333,Oppo,Reno12 F 256GB,187,8.0,32.0,50.0,Snapdragon 685,5000,6.7,39999,2024,256,Reno12 F
334,Oppo,Reno12 Pro 512GB,190,12.0,32.0,50.0,MediaTek Dimensity 8200,4600,6.74,64999,2024,512,Reno12 Pro
335,Oppo,Reno12 256GB,185,8.0,32.0,50.0,MediaTek Dimensity 7050,5000,6.7,49999,2024,256,Reno12
336,Oppo,Reno11 F 256GB,185,8.0,32.0,64.0,MediaTek Dimensity 7050,5000,6.7,44999,2024,256,Reno11 F
337,Oppo,Reno11 Pro 512GB,190,12.0,32.0,50.0,MediaTek Dimensity 8200,4600,6.74,59999,2024,512,Reno11 Pro
338,Oppo,A5 Pro 256GB,180,8.0,16.0,50.0,Dimensity 7300,6000,6.7,49999,2024,256,A5 Pro
339,Oppo,A5 Pro 512GB,186,12.0,16.0,50.0,Dimensity 7300,6000,6.7,54999,2024,512,A5 Pro
340,Oppo,A80 256GB,186,8.0,8.0,50.0,Dimensity 6300,5100,6.67,44999,2024,256,A80
341,Oppo,A3 4G 128GB,186,4.0,5.0,50.0,Snapdragon 6s 4G Gen 1,5000,6.7,34999,2024,128,A3 4G
342,Oppo,A3x 4G 128GB,186,4.0,8.0,8.0,Snapdragon 6s 4G Gen 1,5100,6.67,36999,2024,128,A3x 4G
343,Oppo,A3x 4G 256GB,186,6.0,8.0,8.0,Snapdragon 6s 4G Gen 1,5100,6.67,39999,2024,256,A3x 4G
344,Oppo,A3 128GB,186,4.0,5.0,50.0,Snapdragon 6s 4G Gen 1,5000,6.7,34999,2024,128,A3
345,Oppo,A3x 128GB,186,4.0,8.0,8.0,Snapdragon 6s 4G Gen 1,5100,6.67,36999,2024,128,A3x
346,Oppo,A3x 256GB,186,6.0,8.0,8.0,Snapdragon 6s 4G Gen 1,5100,6.67,39999,2024,256,A3x
347,Oppo,A3 128GB,186,4.0,5.0,50.0,Snapdragon 6s 4G Gen 1,5000,6.7,34999,2024,128,A3
348,Oppo,A60 128GB,186,8.0,8.0,50.0,Snapdragon 680 4G,5000,6.67,39999,2024,128,A60
349,Oppo,A60 256GB,186,8.0,8.0,50.0,Snapdragon 680 4G,5000,6.67,42999,2024,256,A60
350,Oppo,K12 Plus 256GB,192,8.0,16.0,50.0,Snapdragon 7 Gen 3,6400,6.7,59999,2024,256,K12 Plus
351,Oppo,K12 Plus 512GB,192,12.0,16.0,50.0,Snapdragon 7 Gen 3,6400,6.7,64999,2024,512,K12 Plus
352,Oppo,F27 128GB,175,8.0,32.0,64.0,Dimensity 7050,5000,6.7,44999,2024,128,F27
353,Oppo,F27 256GB,175,8.0,32.0,64.0,Dimensity 7050,5000,6.7,47999,2024,256,F27
354,Oppo,F27 Pro+ 256GB,177,8.0,32.0,64.0,Dimensity 7050,5000,6.7,49999,2024,256,F27 Pro+
355,Oppo,F27 Pro+ 512GB,177,12.0,32.0,64.0,Dimensity 7050,5000,6.7,54999,2024,512,F27 Pro+
356,Oppo,F25 Pro 128GB,173,8.0,32.0,64.0,Snapdragon 778G,4500,6.55,42999,2023,128,F25 Pro
357,Oppo,F25 Pro 256GB,173,8.0,32.0,64.0,Snapdragon 778G,4500,6.55,44999,2023,256,F25 Pro
358,Oppo,Pad 3 128GB,533,8.0,8.0,13.0,Dimensity 8350,9510,11.6,54999,2024,128,Pad 3
359,Oppo,Pad 3 256GB,533,12.0,8.0,13.0,Dimensity 8350,9510,11.6,59999,2024,256,Pad 3
360,Oppo,Pad 3 Pro 256GB,586,12.0,8.0,13.0,Snapdragon 8 Gen 3,9510,12.1,64999,2024,256,Pad 3 Pro
361,Oppo,Pad 3 Pro 512GB,586,16.0,8.0,13.0,Snapdragon 8 Gen 3,9510,12.1,69999,2024,512,Pad 3 Pro
362,Oppo,Pad Neo 128GB,520,6.0,8.0,13.0,Snapdragon 870,8360,11,44999,2023,128,Pad Neo
363,Oppo,Pad Neo 256GB,520,8.0,8.0,13.0,Snapdragon 870,8360,11,49999,2023,256,Pad Neo
364,Oppo,Find X7 Ultra 256GB,221,12.0,32.0,50.0,Snapdragon 8 Gen 3,5000,6.82,109999,2024,256,Find X7 Ultra
365,Oppo,Find X7 Ultra 512GB,221,16.0,32.0,50.0,Snapdragon 8 Gen 3,5000,6.82,119999,2024,512,Find X7 Ultra
366,Oppo,Find X7 256GB,206,12.0,32.0,50.0,Dimensity 9300,5000,6.78,99999,2024,256,Find X7
367,Oppo,Find X7 512GB,206,16.0,32.0,50.0,Dimensity 9300,5000,6.78,109999,2024,512,Find X7
368,Oppo,Find X6 Pro 256GB,218,12.0,32.0,50.0,Snapdragon 8 Gen 2,5000,6.82,94999,2023,256,Find X6 Pro
369,Oppo,Find X6 Pro 512GB,218,16.0,32.0,50.0,Snapdragon 8 Gen 2,5000,6.82,104999,2023,512,Find X6 Pro
370,Oppo,Find X6 256GB,207,12.0,32.0,50.0,Dimensity 9200,4800,6.74,84999,2023,256,Find X6
371,Oppo,Find X6 512GB,207,16.0,32.0,50.0,Dimensity 9200,4800,6.74,94999,2023,512,Find X6
372,Oppo,Find X5 Pro 256GB,218,12.0,32.0,50.0,Snapdragon 8 Gen 1,5000,6.7,89999,2022,256,Find X5 Pro
373,Oppo,Find X5 Pro 512GB,218,16.0,32.0,50.0,Snapdragon 8 Gen 1,5000,6.7,99999,2022,512,Find X5 Pro
374,Oppo,Find X5 256GB,196,8.0,32.0,50.0,Snapdragon 888,4800,6.55,79999,2022,256,Find X5
375,Oppo,Find N2 Flip 256GB,191,8.0,32.0,50.0,Dimensity 9000+,4300,6.8,84999,2023,256,Find N2 Flip
376,Oppo,Find N2 Flip 512GB,191,12.0,32.0,50.0,Dimensity 9000+,4300,6.8,94999,2023,512,Find N2 Flip
377,Oppo,Find N2 256GB,233,12.0,32.0,50.0,Snapdragon 8+ Gen 1,4520,7.1,99999,2022,256,Find N2
378,Oppo,Reno10 5G 128GB,180,8.0,32.0,64.0,Dimensity 7050,5000,6.7,38999,2023,128,Reno10 5G
379,Oppo,Reno10 5G 256GB,180,8.0,32.0,64.0,Dimensity 7050,5000,6.7,42999,2023,256,Reno10 5G
380,Oppo,Reno10 Pro 5G 256GB,186,12.0,32.0,50.0,Snapdragon 778G,4600,6.7,44999,2023,256,Reno10 Pro 5G
381,Oppo,Reno10 Pro+ 5G 256GB,194,16.0,32.0,50.0,Snapdragon 8+ Gen 1,4700,6.74,54999,2023,256,Reno10 Pro+ 5G
382,Oppo,Reno9 5G 128GB,174,8.0,32.0,64.0,Snapdragon 778G,4500,6.7,32999,2022,128,Reno9 5G
383,Oppo,Reno9 5G 256GB,174,12.0,32.0,64.0,Snapdragon 778G,4500,6.7,36999,2022,256,Reno9 5G
384,Oppo,Reno9 Pro 5G 256GB,184,16.0,32.0,50.0,Dimensity 8100,4500,6.7,42999,2022,256,Reno9 Pro 5G
385,Oppo,Reno9 Pro+ 5G 256GB,192,16.0,32.0,50.0,Snapdragon 8+ Gen 1,4700,6.7,52999,2022,256,Reno9 Pro+ 5G
386,Oppo,Reno8 5G 128GB,179,8.0,32.0,50.0,Dimensity 1300,4500,6.4,29999,2022,128,Reno8 5G
387,Oppo,Reno8 5G 256GB,179,12.0,32.0,50.0,Dimensity 1300,4500,6.4,34999,2022,256,Reno8 5G
388,Oppo,Reno8 Pro 5G 256GB,183,12.0,32.0,50.0,Dimensity 8100,4500,6.7,42999,2022,256,Reno8 Pro 5G
389,Oppo,Reno8 Pro+ 5G 256GB,195,12.0,32.0,50.0,Dimensity 8100,4500,6.7,46999,2022,256,Reno8 Pro+ 5G
390,Oppo,Reno7 5G 128GB,173,8.0,32.0,64.0,Dimensity 900,4500,6.4,28999,2021,128,Reno7 5G
391,Oppo,Reno7 5G 256GB,173,12.0,32.0,64.0,Dimensity 900,4500,6.4,32999,2021,256,Reno7 5G
392,Oppo,Reno7 Pro 5G 256GB,180,12.0,32.0,50.0,Dimensity 1200,4500,6.55,39999,2021,256,Reno7 Pro 5G
393,Oppo,Reno6 5G 128GB,182,8.0,32.0,64.0,Dimensity 900,4300,6.43,29999,2021,128,Reno6 5G
394,Oppo,Reno6 5G 256GB,182,12.0,32.0,64.0,Dimensity 900,4300,6.43,32999,2021,256,Reno6 5G
395,Oppo,Reno6 Pro 5G 128GB,177,8.0,32.0,64.0,Dimensity 1200,4500,6.55,39999,2021,128,Reno6 Pro 5G
396,Oppo,Reno6 Pro 5G 256GB,177,12.0,32.0,64.0,Dimensity 1200,4500,6.55,44999,2021,256,Reno6 Pro 5G
397,Oppo,Reno6 Pro+ 5G 256GB,188,12.0,32.0,50.0,Snapdragon 870,4500,6.55,49999,2021,256,Reno6 Pro+ 5G
398,Oppo,Reno5 5G 128GB,180,8.0,32.0,64.0,Snapdragon 765G,4300,6.43,26999,2020,128,Reno5 5G
399,Oppo,Reno5 5G 256GB,180,12.0,32.0,64.0,Snapdragon 765G,4300,6.43,29999,2020,256,Reno5 5G
400,Oppo,Reno5 Pro 5G 128GB,173,8.0,32.0,64.0,Dimensity 1000+,4350,6.55,32999,2020,128,Reno5 Pro 5G
401,Oppo,Reno5 Pro 5G 256GB,173,12.0,32.0,64.0,Dimensity 1000+,4350,6.55,36999,2020,256,Reno5 Pro 5G
402,Oppo,Reno5 Pro+ 5G 256GB,184,12.0,32.0,50.0,Snapdragon 865,4500,6.55,44999,2020,256,Reno5 Pro+ 5G
403,Oppo,Reno4 5G 128GB,183,8.0,32.0,48.0,Snapdragon 765G,4000,6.43,24999,2020,128,Reno4 5G
404,Oppo,Reno4 5G 256GB,183,8.0,32.0,48.0,Snapdragon 765G,4000,6.43,26999,2020,256,Reno4 5G
405,Oppo,Reno4 Pro 5G 256GB,172,12.0,32.0,48.0,Snapdragon 765G,4000,6.55,39999,2020,256,Reno4 Pro 5G
406,Oppo,Reno3 5G 128GB,181,8.0,32.0,64.0,Dimensity 1000L,4025,6.4,22999,2019,128,Reno3 5G
407,Oppo,Reno3 5G 256GB,181,12.0,32.0,64.0,Dimensity 1000L,4025,6.4,26999,2019,256,Reno3 5G
408,Oppo,Reno3 Pro 5G 256GB,171,12.0,32.0,48.0,Snapdragon 765G,4025,6.5,34999,2019,256,Reno3 Pro 5G
409,Oppo,A59 5G 128GB,186,6.0,8.0,13.0,MediaTek Dimensity 6020,5000,6.56,14999,2023,128,A59 5G
410,Oppo,A59 5G 256GB,186,8.0,8.0,13.0,MediaTek Dimensity 6020,5000,6.56,16999,2023,256,A59 5G
411,Oppo,A58 5G 256GB,188,8.0,8.0,50.0,MediaTek Dimensity 700,5000,6.56,19000,2022,256,A58 5G
412,Oppo,A57 5G 128GB,186,6.0,8.0,13.0,MediaTek Dimensity 810,5000,6.56,15999,2022,128,A57 5G
413,Oppo,A56 5G 128GB,189,6.0,8.0,13.0,MediaTek Dimensity 700,5000,6.5,14999,2021,128,A56 5G
414,Oppo,A55 5G 128GB,186,6.0,8.0,13.0,MediaTek Dimensity 700,5000,6.5,13999,2021,128,A55 5G
415,Oppo,A54 5G 128GB,190,6.0,16.0,48.0,Qualcomm Snapdragon 480,5000,6.5,15999,2021,128,A54 5G
416,Oppo,A53 5G 128GB,175,4.0,8.0,16.0,MediaTek Dimensity 720,4040,6.5,12999,2020,128,A53 5G
417,Oppo,A52 5G 128GB,184,4.0,8.0,12.0,MediaTek Dimensity 720,4000,6.5,11999,2020,128,A52 5G
418,Oppo,A51 5G 128GB,186,4.0,8.0,13.0,MediaTek Dimensity 700,4000,6.5,10999,2020,128,A51 5G
419,Oppo,A50 5G 128GB,185,4.0,8.0,13.0,MediaTek Dimensity 700,4000,6.5,9999,2020,128,A50 5G
420,Oppo,A49 5G 128GB,185,4.0,8.0,13.0,MediaTek Dimensity 700,4000,6.5,8999,2020,128,A49 5G
421,Oppo,A40 128GB,186,4.0,5.0,50.0,Qualcomm Snapdragon 6s Gen 1,5100,6.67,19999,2024,128,A40
422,Oppo,A40 256GB,186,6.0,5.0,50.0,Qualcomm Snapdragon 6s Gen 1,5100,6.67,22999,2024,256,A40
423,Oppo,K11x 128GB,195,8.0,16.0,108.0,Qualcomm Snapdragon 695,5000,6.72,18000,2023,128,K11x
424,Oppo,K11x 256GB,195,12.0,16.0,108.0,Qualcomm Snapdragon 695,5000,6.72,20000,2023,256,K11x
425,Oppo,K10x 128GB,195,6.0,16.0,64.0,Qualcomm Snapdragon 695,5000,6.59,16990,2022,128,K10x
426,Oppo,K10x 256GB,195,8.0,16.0,64.0,Qualcomm Snapdragon 695,5000,6.59,18990,2022,256,K10x
427,Oppo,K10 5G 128GB,205,8.0,16.0,64.0,MediaTek Dimensity 8000-Max,5000,6.59,19999,2022,128,K10 5G
428,Oppo,K9x 128GB,194,6.0,16.0,64.0,MediaTek Dimensity 810,5000,6.5,15999,2021,128,K9x
429,Oppo,K9x 256GB,194,8.0,16.0,64.0,MediaTek Dimensity 810,5000,6.5,17999,2021,256,K9x
430,Oppo,K9 Pro 5G 128GB,180,8.0,16.0,64.0,MediaTek Dimensity 1200,4500,6.43,24999,2021,128,K9 Pro 5G
431,Oppo,K9 Pro 5G 256GB,180,12.0,16.0,64.0,MediaTek Dimensity 1200,4500,6.43,27999,2021,256,K9 Pro 5G
432,Oppo,K9 5G 128GB,172,8.0,32.0,64.0,Qualcomm Snapdragon 768G,4300,6.43,22999,2021,128,K9 5G
433,Oppo,K9 5G 256GB,172,8.0,32.0,64.0,Qualcomm Snapdragon 768G,4300,6.43,24999,2021,256,K9 5G
434,Oppo,K7x 128GB,194,6.0,16.0,48.0,MediaTek Dimensity 720,5000,6.5,14999,2020,128,K7x
435,Oppo,K7 5G 128GB,180,8.0,32.0,48.0,Qualcomm Snapdragon 765G,4025,6.4,19999,2020,128,K7 5G
436,Oppo,K7 5G 256GB,180,8.0,32.0,48.0,Qualcomm Snapdragon 765G,4025,6.4,21999,2020,256,K7 5G
437,Oppo,K11x 128GB,195,8.0,16.0,108.0,Qualcomm Snapdragon 695,5000,6.72,18000,2023,128,K11x
438,Oppo,K11x 256GB,195,12.0,16.0,108.0,Qualcomm Snapdragon 695,5000,6.72,20000,2023,256,K11x
439,Oppo,K11 128GB,184,8.0,16.0,64.0,Qualcomm Snapdragon 782G,5000,6.7,21999,2023,128,K11
440,Oppo,K11 256GB,184,12.0,16.0,64.0,Qualcomm Snapdragon 782G,5000,6.7,24999,2023,256,K11
441,Oppo,K10x 128GB,195,6.0,16.0,64.0,Qualcomm Snapdragon 695,5000,6.59,16990,2022,128,K10x
442,Oppo,K10x 256GB,195,8.0,16.0,64.0,Qualcomm Snapdragon 695,5000,6.59,18990,2022,256,K10x
443,Oppo,K10 5G 128GB,205,8.0,16.0,64.0,MediaTek Dimensity 8000-Max,5000,6.59,19999,2022,128,K10 5G
444,Oppo,K10 5G 256GB,205,12.0,16.0,64.0,MediaTek Dimensity 8000-Max,5000,6.59,22999,2022,256,K10 5G
445,Oppo,K9x 128GB,194,6.0,16.0,64.0,MediaTek Dimensity 810,5000,6.5,15999,2021,128,K9x
446,Oppo,K9x 256GB,194,8.0,16.0,64.0,MediaTek Dimensity 810,5000,6.5,17999,2021,256,K9x
447,Oppo,K9 Pro 5G 128GB,180,8.0,16.0,64.0,MediaTek Dimensity 1200,4500,6.43,24999,2021,128,K9 Pro 5G
448,Oppo,K9 Pro 5G 256GB,180,12.0,16.0,64.0,MediaTek Dimensity 1200,4500,6.43,27999,2021,256,K9 Pro 5G
449,Oppo,K9 5G 128GB,172,8.0,32.0,64.0,Qualcomm Snapdragon 768G,4300,6.43,22999,2021,128,K9 5G
450,Oppo,K9 5G 256GB,172,8.0,32.0,64.0,Qualcomm Snapdragon 768G,4300,6.43,24999,2021,256,K9 5G
451,Oppo,K7x 128GB,194,6.0,16.0,48.0,MediaTek Dimensity 720,5000,6.5,14999,2020,128,K7x
452,Oppo,K7 5G 128GB,180,8.0,32.0,48.0,Qualcomm Snapdragon 765G,4025,6.4,19999,2020,128,K7 5G
453,Realme,GT 7 Pro 128GB,222.8,12.0,16.0,50.0,Qualcomm Snapdragon 8 Elite,6500,6.78,59999,2024,128,GT 7 Pro
454,Realme,GT 7 Pro 256GB,222.8,16.0,16.0,50.0,Qualcomm Snapdragon 8 Elite,6500,6.78,65999,2024,256,GT 7 Pro
455,Realme,GT 6 128GB,191,8.0,32.0,50.0,Qualcomm Snapdragon 8s Gen 3,5500,6.78,37999,2023,128,GT 6
456,Realme,GT 6 256GB,191,12.0,32.0,50.0,Qualcomm Snapdragon 8s Gen 3,5500,6.78,39999,2023,256,GT 6
457,Realme,GT 6 512GB,191,16.0,32.0,50.0,Qualcomm Snapdragon 8s Gen 3,5500,6.78,41999,2023,512,GT 6
458,Realme,GT 6T 128GB,191,8.0,32.0,50.0,Qualcomm Snapdragon 7 Plus Gen 3,5500,6.78,28756,2023,128,GT 6T
459,Realme,GT 6T 256GB,191,8.0,32.0,50.0,Qualcomm Snapdragon 7 Plus Gen 3,5500,6.78,30999,2023,256,GT 6T
460,Realme,14 Pro+ 5G 256GB,184,12.0,16.0,50.0,Qualcomm Snapdragon 7s Gen 3,6000,6.83,34999,2025,256,14 Pro+ 5G
461,Realme,14 Pro+ 5G 512GB,184,12.0,16.0,50.0,Qualcomm Snapdragon 7s Gen 3,6000,6.83,36999,2025,512,14 Pro+ 5G
462,Realme,14 Pro 5G 128GB,184,8.0,16.0,50.0,MediaTek Dimensity 7300 Energy,5800,6.7,29999,2025,128,14 Pro 5G
463,Realme,14 Pro 5G 256GB,184,8.0,16.0,50.0,MediaTek Dimensity 7300 Energy,5800,6.7,31999,2025,256,14 Pro 5G
464,Realme,14x 5G 128GB,190,6.0,16.0,48.0,Qualcomm Snapdragon 7s Gen 2,5500,6.6,24999,2025,128,14x 5G
465,Realme,14x 5G 256GB,190,8.0,16.0,48.0,Qualcomm Snapdragon 7s Gen 2,5500,6.6,26999,2025,256,14x 5G
466,Realme,13+ 5G 128GB,185,8.0,16.0,50.0,MediaTek Dimensity 7200,5000,6.5,22999,2024,128,13+ 5G
467,Realme,13+ 5G 256GB,185,8.0,16.0,50.0,MediaTek Dimensity 7200,5000,6.5,24999,2024,256,13+ 5G
468,Realme,13 5G 128GB,190,6.0,16.0,50.0,MediaTek Dimensity 6100+,5000,6.6,18999,2024,128,13 5G
469,Realme,13 5G 256GB,190,8.0,16.0,50.0,MediaTek Dimensity 6100+,5000,6.6,20999,2024,256,13 5G
470,Realme,13 Pro 5G 128GB,192,8.0,16.0,50.0,Qualcomm Snapdragon 7s Gen 2,5200,6.7,27999,2024,128,13 Pro 5G
471,Realme,13 Pro 5G 256GB,192,12.0,16.0,50.0,Qualcomm Snapdragon 7s Gen 2,5200,6.7,29999,2024,256,13 Pro 5G
472,Realme,13 Pro+ 5G 256GB,195,12.0,32.0,50.0,Qualcomm Snapdragon 7+ Gen 2,5500,6.78,34999,2024,256,13 Pro+ 5G
473,Realme,13 Pro+ 5G 512GB,195,16.0,32.0,50.0,Qualcomm Snapdragon 7+ Gen 2,5500,6.78,36999,2024,512,13 Pro+ 5G
474,Realme,P1 Speed 5G 128GB,185,8.0,16.0,64.0,MediaTek Dimensity 8100,5100,6.7,19999,2024,128,P1 Speed 5G
475,Realme,P1 Speed 5G 256GB,185,12.0,16.0,64.0,MediaTek Dimensity 8100,5100,6.7,21999,2024,256,P1 Speed 5G
476,Realme,P2 Pro 5G 256GB,188,12.0,32.0,50.0,Qualcomm Snapdragon 7+ Gen 3,5500,6.78,32999,2024,256,P2 Pro 5G
477,Realme,P2 Pro 5G 512GB,188,16.0,32.0,50.0,Qualcomm Snapdragon 7+ Gen 3,5500,6.78,34999,2024,512,P2 Pro 5G
478,Realme,P1 5G 128GB,184,6.0,16.0,50.0,MediaTek Dimensity 6100+,5000,6.6,16999,2024,128,P1 5G
479,Realme,P1 5G 256GB,184,8.0,16.0,50.0,MediaTek Dimensity 6100+,5000,6.6,18999,2024,256,P1 5G
480,Realme,P1 Pro 5G 128GB,190,8.0,16.0,64.0,Qualcomm Snapdragon 7s Gen 1,5200,6.7,22999,2024,128,P1 Pro 5G
481,Realme,P1 Pro 5G 256GB,190,12.0,16.0,64.0,Qualcomm Snapdragon 7s Gen 1,5200,6.7,24999,2024,256,P1 Pro 5G
482,Realme,Narzo 70 Turbo 5G 128GB,200,8.0,16.0,50.0,MediaTek Dimensity 810,5000,6.6,19999,2024,128,Narzo 70 Turbo 5G
483,Realme,Narzo 70 Turbo 5G 256GB,200,8.0,16.0,50.0,MediaTek Dimensity 810,5000,6.6,21999,2024,256,Narzo 70 Turbo 5G
484,Realme,Narzo N61 128GB,195,6.0,16.0,50.0,MediaTek Helio G99,5000,6.5,14999,2024,128,Narzo N61
485,Realme,Narzo N63 128GB,193,6.0,16.0,50.0,MediaTek Helio G88,5000,6.5,13999,2024,128,Narzo N63
486,Realme,Narzo N65 5G 128GB,198,8.0,16.0,50.0,MediaTek Dimensity 700,5000,6.6,17999,2024,128,Narzo N65 5G
487,Realme,Narzo 70 5G 128GB,198,8.0,16.0,50.0,MediaTek Dimensity 810,5200,6.6,19499,2024,128,Narzo 70 5G
488,Realme,C75 128GB,190,6.0,8.0,50.0,MediaTek Helio G85,5000,6.6,13999,2024,128,C75
489,Realme,C75 256GB,190,8.0,8.0,50.0,MediaTek Helio G85,5000,6.6,15999,2024,256,C75
490,Realme,C61 128GB,189,4.0,8.0,50.0,Unisoc T612,5000,6.5,11999,2024,128,C61
491,Realme,C67 128GB,195,6.0,8.0,50.0,MediaTek Helio G88,5000,6.6,14999,2024,128,C67
492,Realme,C67 256GB,195,8.0,8.0,50.0,MediaTek Helio G88,5000,6.6,16999,2024,256,C67
493,Realme,C65 128GB,192,6.0,8.0,50.0,Qualcomm Snapdragon 680,5000,6.6,13999,2024,128,C65
494,Realme,C65 256GB,192,8.0,8.0,50.0,Qualcomm Snapdragon 680,5000,6.6,15999,2024,256,C65
495,Realme,C63 128GB,191,6.0,8.0,50.0,MediaTek Helio G85,5000,6.6,13499,2024,128,C63
496,Realme,C55 128GB,189,6.0,8.0,64.0,MediaTek Helio G88,5000,6.72,14999,2023,128,C55
497,Realme,C55 256GB,189,8.0,8.0,64.0,MediaTek Helio G88,5000,6.72,16999,2023,256,C55
498,Realme,Note 60x 128GB,198,6.0,16.0,50.0,MediaTek Dimensity 6100+,5200,6.6,17999,2024,128,Note 60x
499,Realme,Note 60 128GB,196,6.0,16.0,50.0,MediaTek Dimensity 810,5200,6.6,18999,2024,128,Note 60
500,Realme,Note 60 256GB,196,8.0,16.0,50.0,MediaTek Dimensity 810,5200,6.6,20999,2024,256,Note 60
501,Realme,Note 50 128GB,195,6.0,16.0,50.0,MediaTek Helio G99,5000,6.5,15999,2024,128,Note 50
502,Realme,GT 7 128GB,199,8.0,16.0,50.0,Qualcomm Snapdragon 8 Gen 2,5200,6.8,47999,2024,128,GT 7
503,Realme,GT 7 256GB,199,12.0,16.0,50.0,Qualcomm Snapdragon 8 Gen 2,5200,6.8,53999,2024,256,GT 7
504,Realme,Neo 7 128GB,193,8.0,16.0,64.0,MediaTek Dimensity 8200,5000,6.7,30999,2024,128,Neo 7
505,Realme,Neo 7 256GB,193,12.0,16.0,64.0,MediaTek Dimensity 8200,5000,6.7,36999,2024,256,Neo 7
506,Realme,P2 Pro 5G 128GB,195,8.0,16.0,50.0,MediaTek Dimensity 9200,5100,6.7,32999,2024,128,P2 Pro 5G
507,Realme,P2 Pro 5G 256GB,195,12.0,16.0,50.0,MediaTek Dimensity 9200,5100,6.7,38999,2024,256,P2 Pro 5G
508,Realme,Pad 64GB,440,4.0,8.0,8.0,MediaTek Helio G80,7100,10.4,19999,2021,64,Pad
509,Realme,Pad 128GB,440,6.0,8.0,8.0,MediaTek Helio G80,7100,10.4,22999,2021,128,Pad
510,Realme,Pad 2 128GB,482,6.0,8.0,8.0,MediaTek Helio G99,8360,11.5,27999,2023,128,Pad 2
511,Realme,Pad 2 256GB,482,8.0,8.0,8.0,MediaTek Helio G99,8360,11.5,31999,2023,256,Pad 2
512,Realme,Pad 2 Lite 64GB,466,4.0,8.0,8.0,MediaTek Helio G85,7100,10.4,18999,2023,64,Pad 2 Lite
513,Realme,Pad 2 Lite 128GB,466,6.0,8.0,8.0,MediaTek Helio G85,7100,10.4,20999,2023,128,Pad 2 Lite
514,Realme,Pad X 64GB,499,4.0,8.0,13.0,Qualcomm Snapdragon 695,8340,11,29999,2022,64,Pad X
515,Realme,Pad X 128GB,499,6.0,8.0,13.0,Qualcomm Snapdragon 695,8340,11,33999,2022,128,Pad X
516,Realme,Pad Mini 32GB,372,3.0,5.0,8.0,Unisoc T616,6400,8.7,15999,2022,32,Pad Mini
517,Realme,Pad Mini 64GB,372,4.0,5.0,8.0,Unisoc T616,6400,8.7,17999,2022,64,Pad Mini
518,Realme,Pad Slim 64GB,440,4.0,8.0,8.0,MediaTek Helio G80,7100,10.4,19499,2022,64,Pad Slim
519,Realme,Pad Slim 128GB,440,6.0,8.0,8.0,MediaTek Helio G80,7100,10.4,21999,2022,128,Pad Slim
520,Realme,TechLife Pad Neo 64GB,465,4.0,8.0,8.0,MediaTek Helio G85,7200,10.5,20999,2024,64,TechLife Pad Neo
521,Realme,TechLife Pad Neo 128GB,465,6.0,8.0,8.0,MediaTek Helio G85,7200,10.5,22999,2024,128,TechLife Pad Neo
522,Xiaomi,Xiaomi 15 Pro 256GB,210,12.0,32.0,50.0,Snapdragon 8 Elite,6100,6.73,89999,2024,256,Xiaomi 15 Pro
523,Xiaomi,Xiaomi 15 Pro 512GB,210,16.0,32.0,50.0,Snapdragon 8 Elite,6100,6.73,99999,2024,512,Xiaomi 15 Pro
524,Xiaomi,Xiaomi 15 Pro 1TB,210,16.0,32.0,50.0,Snapdragon 8 Elite,6100,6.73,109999,2024,1,Xiaomi 15 Pro
525,Xiaomi,Xiaomi 15 256GB,190,12.0,32.0,50.0,Snapdragon 8 Elite,5400,6.36,79999,2024,256,Xiaomi 15
526,Xiaomi,Xiaomi 15 512GB,190,16.0,32.0,50.0,Snapdragon 8 Elite,5400,6.36,89999,2024,512,Xiaomi 15
527,Xiaomi,Xiaomi 14T Pro 256GB,209,12.0,32.0,50.0,Dimensity 9300+,5000,6.67,74999,2024,256,Xiaomi 14T Pro
528,Xiaomi,Xiaomi 14T Pro 512GB,209,12.0,32.0,50.0,Dimensity 9300+,5000,6.67,84999,2024,512,Xiaomi 14T Pro
529,Xiaomi,Xiaomi 14T Pro 1TB,209,12.0,32.0,50.0,Dimensity 9300+,5000,6.67,94999,2024,1,Xiaomi 14T Pro
530,Xiaomi,Xiaomi 14T 256GB,195,12.0,32.0,50.0,Dimensity 8300-Ultra,5000,6.67,69999,2024,256,Xiaomi 14T
531,Xiaomi,Xiaomi 14T 512GB,195,12.0,32.0,50.0,Dimensity 8300-Ultra,5000,6.67,79999,2024,512,Xiaomi 14T
532,Xiaomi,Xiaomi 14 Pro 256GB,206,12.0,32.0,50.0,Snapdragon 8 Gen 3,5000,6.73,84999,2023,256,Xiaomi 14 Pro
533,Xiaomi,Xiaomi 14 Pro 512GB,206,12.0,32.0,50.0,Snapdragon 8 Gen 3,5000,6.73,94999,2023,512,Xiaomi 14 Pro
534,Xiaomi,Xiaomi 14 256GB,189,12.0,32.0,50.0,Snapdragon 8 Gen 3,4610,6.36,74999,2023,256,Xiaomi 14
535,Xiaomi,Xiaomi 14 512GB,189,12.0,32.0,50.0,Snapdragon 8 Gen 3,4610,6.36,84999,2023,512,Xiaomi 14
536,Xiaomi,Redmi Note 14 Pro+ 5G 128GB,205,8.0,16.0,200.0,Snapdragon 7s Gen 3,5110,6.67,29999,2024,128,Redmi Note 14 Pro+ 5G
537,Xiaomi,Redmi Note 14 Pro+ 5G 256GB,205,12.0,16.0,200.0,Snapdragon 7s Gen 3,5110,6.67,32999,2024,256,Redmi Note 14 Pro+ 5G
538,Xiaomi,Redmi Note 14 Pro+ 5G 512GB,205,16.0,16.0,200.0,Snapdragon 7s Gen 3,5110,6.67,35999,2024,512,Redmi Note 14 Pro+ 5G
539,Xiaomi,Redmi Note 14 Pro 5G 128GB,195,8.0,16.0,108.0,MediaTek Dimensity 7300-Ultra,5500,6.67,27999,2024,128,Redmi Note 14 Pro 5G
540,Xiaomi,Redmi Note 14 Pro 5G 256GB,195,12.0,16.0,108.0,MediaTek Dimensity 7300-Ultra,5500,6.67,30999,2024,256,Redmi Note 14 Pro 5G
541,Xiaomi,Redmi Note 14 Pro 4G 128GB,190,6.0,16.0,108.0,Qualcomm Snapdragon 732G,5000,6.67,24999,2024,128,Redmi Note 14 Pro 4G
542,Xiaomi,Redmi Note 14 Pro 4G 256GB,190,8.0,16.0,108.0,Qualcomm Snapdragon 732G,5000,6.67,27999,2024,256,Redmi Note 14 Pro 4G
543,Xiaomi,Redmi Note 14 5G 128GB,185,6.0,16.0,50.0,MediaTek Dimensity 7025-Ultra,5000,6.67,21999,2024,128,Redmi Note 14 5G
544,Xiaomi,Redmi Note 14 5G 256GB,185,8.0,16.0,50.0,MediaTek Dimensity 7025-Ultra,5000,6.67,24999,2024,256,Redmi Note 14 5G
545,Xiaomi,Redmi Note 14 4G 128GB,180,4.0,16.0,50.0,Qualcomm Snapdragon 680,5000,6.67,18999,2024,128,Redmi Note 14 4G
546,Xiaomi,Redmi Note 14 4G 256GB,180,6.0,16.0,50.0,Qualcomm Snapdragon 680,5000,6.67,21999,2024,256,Redmi Note 14 4G
547,Xiaomi,Redmi 14C 5G 64GB,195,4.0,8.0,50.0,MediaTek Dimensity 700,5000,6.5,14999,2024,64,Redmi 14C 5G
548,Xiaomi,Redmi 14C 5G 128GB,195,6.0,8.0,50.0,MediaTek Dimensity 700,5000,6.5,16999,2024,128,Redmi 14C 5G
549,Lenovo,Legion Y70 128GB,209,8.0,16.0,50.0,Snapdragon 8+ Gen 1,5100,6.67,49999,2022,128,Legion Y70
550,Lenovo,Legion Y70 256GB,209,12.0,16.0,50.0,Snapdragon 8+ Gen 1,5100,6.67,54999,2022,256,Legion Y70
551,Lenovo,Legion Y70 512GB,209,16.0,16.0,50.0,Snapdragon 8+ Gen 1,5100,6.67,59999,2022,512,Legion Y70
552,Lenovo,K14 Plus 64GB,198,4.0,8.0,48.0,Unisoc T700,5000,6.5,10999,2022,64,K14 Plus
553,Lenovo,K14 Plus 128GB,198,6.0,8.0,48.0,Unisoc T700,5000,6.5,12999,2022,128,K14 Plus
554,Lenovo,K13 Pro 128GB,200,6.0,16.0,64.0,Snapdragon 662,5000,6.8,14999,2021,128,K13 Pro
555,Lenovo,K13 32GB,190,2.0,5.0,13.0,Unisoc SC9863A,5000,6.52,7499,2021,32,K13
556,Lenovo,K13 Note 64GB,200,4.0,8.0,48.0,Snapdragon 460,5000,6.5,11999,2021,64,K13 Note
557,Lenovo,K10 Plus 64GB,172,4.0,16.0,13.0,Snapdragon 632,4050,6.22,10999,2019,64,K10 Plus
558,Lenovo,A6 Note 32GB,172,3.0,5.0,13.0,Helio P22,4000,6.09,9999,2019,32,A6 Note
559,Lenovo,K10 Note 64GB,164,4.0,16.0,16.0,Snapdragon 710,4050,6.3,13999,2019,64,K10 Note
560,Lenovo,K10 Note 128GB,164,6.0,16.0,16.0,Snapdragon 710,4050,6.3,15999,2019,128,K10 Note
561,Lenovo,Z6 Pro 128GB,185,6.0,32.0,48.0,Snapdragon 855,4000,6.39,39999,2019,128,Z6 Pro
562,Lenovo,Z6 Pro 256GB,185,8.0,32.0,48.0,Snapdragon 855,4000,6.39,44999,2019,256,Z6 Pro
563,Lenovo,Z5 Pro 64GB,210,6.0,16.0,16.0,Snapdragon 710,3350,6.39,21400,2018,64,Z5 Pro
564,Motorola,Edge 50 Fusion 128GB,168,8.0,32.0,50.0,Snapdragon 7 Gen 1,5000,6.7,29999,2024,128,Edge 50 Fusion
565,Motorola,Edge 50 Fusion 256GB,168,12.0,32.0,50.0,Snapdragon 7 Gen 1,5000,6.7,34999,2024,256,Edge 50 Fusion
566,Motorola,Edge 50 Pro 128GB,186,8.0,50.0,50.0,Snapdragon 7 Gen 3,4500,6.7,34999,2024,128,Edge 50 Pro
567,Motorola,Edge 50 Pro 256GB,186,12.0,50.0,50.0,Snapdragon 7 Gen 3,4500,6.7,39999,2024,256,Edge 50 Pro
568,Motorola,Razr 128GB,192,8.0,32.0,50.0,Snapdragon 8+ Gen 1,3500,6.7,59999,2023,128,Razr
569,Motorola,Razr 256GB,192,12.0,32.0,50.0,Snapdragon 8+ Gen 1,3500,6.7,64999,2023,256,Razr
570,Motorola,G84 5G 128GB,166,8.0,16.0,50.0,Snapdragon 695,5000,6.5,19999,2023,128,G84 5G
571,Motorola,G84 5G 256GB,166,12.0,16.0,50.0,Snapdragon 695,5000,6.5,22999,2023,256,G84 5G
572,Motorola,Moto G Stylus 64GB,195,4.0,16.0,50.0,MediaTek Helio G88,5000,6.8,21999,2023,64,Moto G Stylus
573,Motorola,Moto G Stylus 128GB,195,6.0,16.0,50.0,MediaTek Helio G88,5000,6.8,24999,2023,128,Moto G Stylus
574,Motorola,One Vision 3 128GB,180,6.0,25.0,48.0,Exynos 9609,3500,6.3,19999,2024,128,One Vision 3
575,Motorola,One Vision 3 256GB,180,8.0,25.0,48.0,Exynos 9609,3500,6.3,22999,2024,256,One Vision 3
576,Motorola,Edge 50 Lite 128GB,170,6.0,32.0,64.0,Snapdragon 695,5000,6.7,27999,2024,128,Edge 50 Lite
577,Motorola,Edge 50 Lite 256GB,170,8.0,32.0,64.0,Snapdragon 695,5000,6.7,29999,2024,256,Edge 50 Lite
578,Motorola,Moto E40 Plus 64GB,198,4.0,8.0,48.0,Unisoc T700,5000,6.5,11999,2023,64,Moto E40 Plus
579,Motorola,Moto E40 Plus 128GB,198,6.0,8.0,48.0,Unisoc T700,5000,6.5,13999,2023,128,Moto E40 Plus
580,Motorola,Moto G Power 64GB,206,4.0,16.0,50.0,Snapdragon 662,5000,6.6,17999,2022,64,Moto G Power
581,Motorola,Moto G Power 128GB,206,6.0,16.0,50.0,Snapdragon 662,5000,6.6,19999,2022,128,Moto G Power
582,Motorola,Moto G Play 32GB,203,3.0,5.0,13.0,MediaTek Helio G25,5000,6.5,9999,2022,32,Moto G Play
583,Motorola,Moto G Play 64GB,203,4.0,5.0,13.0,MediaTek Helio G25,5000,6.5,11999,2022,64,Moto G Play
584,Motorola,Moto G75 5G 128GB,205,8.0,16.0,50.0,Snapdragon 6 Gen 3,5000,6.78,34999,2024,128,Moto G75 5G
585,Motorola,Moto G75 5G 256GB,205,8.0,16.0,50.0,Snapdragon 6 Gen 3,5000,6.78,39999,2024,256,Moto G75 5G
586,Motorola,Moto S50 128GB,190,8.0,32.0,64.0,MediaTek Dimensity 8100,4500,6.7,29999,2024,128,Moto S50
587,Motorola,Moto S50 256GB,190,12.0,32.0,64.0,MediaTek Dimensity 8100,4500,6.7,34999,2024,256,Moto S50
588,Motorola,Edge 50 Neo 256GB,171,8.0,32.0,50.0,MediaTek Dimensity 7300,4310,6.4,39999,2024,256,Edge 50 Neo
589,Motorola,Edge 50 Neo 512GB,171,12.0,32.0,50.0,MediaTek Dimensity 7300,4310,6.4,44999,2024,512,Edge 50 Neo
590,Motorola,Moto G55 128GB,182,8.0,16.0,50.0,MediaTek Dimensity 7025,5000,6.49,26999,2024,128,Moto G55
591,Motorola,Moto G55 256GB,182,8.0,16.0,50.0,MediaTek Dimensity 7025,5000,6.49,29999,2024,256,Moto G55
592,Motorola,Moto G35 128GB,188,4.0,16.0,50.0,Unisoc T760,5000,6.72,18999,2024,128,Moto G35
593,Motorola,Moto G35 256GB,188,8.0,16.0,50.0,Unisoc T760,5000,6.72,22999,2024,256,Moto G35
594,Motorola,Moto G45 128GB,183,6.0,16.0,50.0,Snapdragon 6s Gen 3,5000,6.5,22999,2024,128,Moto G45
595,Motorola,Moto G45 256GB,183,8.0,16.0,50.0,Snapdragon 6s Gen 3,5000,6.5,26999,2024,256,Moto G45
596,Motorola,Edge 50 256GB,180,8.0,32.0,50.0,Snapdragon 7s Gen 2,4700,6.7,44999,2024,256,Edge 50
597,Motorola,Edge 50 512GB,180,12.0,32.0,50.0,Snapdragon 7s Gen 2,4700,6.7,49999,2024,512,Edge 50
598,Motorola,Razr 50 Ultra 512GB,189,12.0,32.0,50.0,Snapdragon 8+ Gen 1,4000,6.9,99999,2024,512,Razr 50 Ultra
599,Motorola,Razr 50 256GB,188,8.0,32.0,50.0,Snapdragon 7 Gen 1,3800,6.7,79999,2024,256,Razr 50
600,Motorola,Moto G85 128GB,173,8.0,32.0,50.0,Snapdragon 6s Gen 3,5000,6.67,29999,2024,128,Moto G85
601,Motorola,Moto G85 256GB,173,12.0,32.0,50.0,Snapdragon 6s Gen 3,5000,6.67,34999,2024,256,Moto G85
602,Motorola,S50 Neo 256GB,170,8.0,32.0,50.0,MediaTek Dimensity 7200,4300,6.5,26999,2024,256,S50 Neo
603,Motorola,S50 Neo 512GB,170,12.0,32.0,50.0,MediaTek Dimensity 7200,4300,6.5,29999,2024,512,S50 Neo
604,Motorola,Moto E14 64GB,180,4.0,8.0,13.0,Unisoc T606,5000,6.5,11999,2024,64,Moto E14
605,Motorola,Moto E14 128GB,180,4.0,8.0,13.0,Unisoc T606,5000,6.5,13999,2024,128,Moto E14
606,Motorola,Edge 256GB,174,8.0,32.0,50.0,Snapdragon 7s Gen 2,4700,6.7,44999,2024,256,Edge
607,Motorola,Edge 512GB,174,12.0,32.0,50.0,Snapdragon 7s Gen 2,4700,6.7,49999,2024,512,Edge
608,Motorola,Moto X50 Ultra 512GB,198,12.0,60.0,200.0,Snapdragon 8 Gen 3,5000,6.9,119999,2024,512,Moto X50 Ultra
609,Motorola,Moto G Stylus 5G 256GB,195,6.0,16.0,50.0,Snapdragon 6 Gen 1,5000,6.8,26999,2024,256,Moto G Stylus 5G
610,Motorola,Moto G Stylus 5G 512GB,195,8.0,16.0,50.0,Snapdragon 6 Gen 1,5000,6.8,29999,2024,512,Moto G Stylus 5G
611,Motorola,Edge 50 Ultra 512GB,198,12.0,60.0,200.0,Snapdragon 8 Gen 3,5000,6.9,119999,2024,512,Edge 50 Ultra
612,Motorola,Edge 30 Fusion 128GB,168,8.0,32.0,50.0,Snapdragon 888+ 5G,4400,6.55,49999,2022,128,Edge 30 Fusion
613,Motorola,Edge 30 Fusion 256GB,168,12.0,32.0,50.0,Snapdragon 888+ 5G,4400,6.55,54999,2022,256,Edge 30 Fusion
614,Motorola,Edge 30 Neo 128GB,155,6.0,32.0,64.0,Snapdragon 695 5G,4020,6.28,34999,2022,128,Edge 30 Neo
615,Motorola,Edge 30 Neo 256GB,155,8.0,32.0,64.0,Snapdragon 695 5G,4020,6.28,39999,2022,256,Edge 30 Neo
616,Motorola,Moto G82 5G 128GB,173,6.0,16.0,50.0,Snapdragon 695 5G,5000,6.6,24999,2022,128,Moto G82 5G
617,Motorola,Moto G82 5G 256GB,173,8.0,16.0,50.0,Snapdragon 695 5G,5000,6.6,29999,2022,256,Moto G82 5G
618,Motorola,Moto G62 5G 128GB,184,4.0,16.0,50.0,Snapdragon 480+ 5G,5000,6.5,19999,2022,128,Moto G62 5G
619,Motorola,Moto G62 5G 256GB,184,6.0,16.0,50.0,Snapdragon 480+ 5G,5000,6.5,24999,2022,256,Moto G62 5G
620,Motorola,Moto G42 128GB,175,4.0,16.0,50.0,Snapdragon 680 4G,5000,6.4,16999,2022,128,Moto G42
621,Motorola,Moto G32 128GB,184,4.0,16.0,50.0,Snapdragon 680 4G,5000,6.5,14999,2022,128,Moto G32
622,Motorola,Moto E32s 64GB,185,3.0,8.0,16.0,MediaTek Helio G37,5000,6.5,11999,2022,64,Moto E32s
623,Motorola,Moto E22i 32GB,169,2.0,5.0,16.0,MediaTek Helio G37,4020,6.5,9999,2022,32,Moto E22i
624,Motorola,Moto E22 64GB,169,4.0,5.0,16.0,MediaTek Helio G37,4020,6.5,10999,2022,64,Moto E22
625,Motorola,Moto G22 64GB,185,4.0,16.0,50.0,MediaTek Helio G37,5000,6.5,12999,2022,64,Moto G22
626,Huawei,P50,181,8.0,13.0,50.0,Snapdragon 888 4G,4100,6.5,59999,2021,50,P50
627,Huawei,P50 Pro,195,8.0,13.0,50.0,Snapdragon 888 4G,4360,6.6,79999,2021,,P50
628,Huawei,P50 Pocket,190,8.0,10.7,40.0,Snapdragon 888 4G,4000,6.9,129999,2021,,P50
629,Huawei,Mate 40E,188,8.0,13.0,64.0,Kirin 990E 5G,4200,6.5,69999,2021,40,Mate
630,Huawei,Mate X2,295,8.0,16.0,50.0,Kirin 9000 5G,4500,8.0,249999,2021,2,Mate
631,Huawei,Nova 9,175,8.0,32.0,50.0,Snapdragon 778G 4G,4300,6.57,37999,2021,9,Nova
632,Huawei,Nova 9 Pro,186,8.0,,50.0,Snapdragon 778G 4G,4000,6.72,44999,2021,,Nova 9
633,Huawei,P50E,181,8.0,13.0,50.0,Snapdragon 778G 4G,4100,6.5,54999,2022,50,P50E
634,Huawei,Mate Xs 2,255,8.0,10.7,50.0,Snapdragon 888 4G,4600,7.8,199999,2022,2,Mate Xs
635,Huawei,Mate 50,202,8.0,13.0,50.0,Snapdragon 8+ Gen 1 4G,4460,6.7,84999,2022,50,Mate
636,Huawei,Mate 50 Pro,205,8.0,13.0,50.0,Snapdragon 8+ Gen 1 4G,4700,6.74,99999,2022,,Mate 50
637,Huawei,Nova 10,168,8.0,60.0,50.0,Snapdragon 778G 4G,4000,6.67,39999,2022,10,Nova
638,Huawei,Nova 10 Pro,191,8.0,,50.0,Snapdragon 778G 4G,4500,6.78,49999,2022,,Nova 10
639,Huawei,Nova 10 SE,184,8.0,16.0,108.0,Snapdragon 680 4G,4500,6.67,34999,2022,,Nova 10
640,Huawei,P60,197,8.0,13.0,48.0,Snapdragon 8+ Gen 1 4G,4815,6.67,84999,2023,60,P60
641,Huawei,P60 Pro,200,812.0,13.0,48.0,Snapdragon 8+ Gen 1 4G,4815,6.67,99999,2023,,P60
642,Huawei,P60 Art,206,812.0,13.0,48.0,Snapdragon 8+ Gen 1 4G,5100,6.73,119999,2023,,P60
643,Huawei,Mate X3,239,12.0,8.0,50.0,Snapdragon 8+ Gen 1 4G,4800,7.85,249999,2023,3,Mate
644,Huawei,Mate 60,209,12.0,13.0,50.0,Kirin 9000S,4750,6.7,109999,2023,60,Mate
645,Huawei,Mate 60 Pro,225,12.0,13.0,50.0,Kirin 9000S,5000,6.82,129999,2023,,Mate 60
646,Huawei,Mate 60 Pro+,235,12.0,13.0,50.0,Kirin 9000S,5200,6.82,149999,2023,,Mate 60
647,Huawei,Nova 11,168,8.0,60.0,50.0,Snapdragon 778G 4G,4500,6.7,44999,2023,11,Nova
648,Huawei,Nova 11 Pro,188,8.0,60.0,50.0,Snapdragon 778G 4G,4500,6.78,54999,2023,,Nova 11
649,Huawei,Nova 11 Ultra,188,12.0,60.0,50.0,Snapdragon 778G 4G,4500,6.78,64999,2023,,Nova 11
650,Huawei,Pura 70,220,12.0,13.0,50.0,Kirin 9010,4900,6.8,84999,2024,70,Pura
651,Huawei,Pura 70 Pro,220,12.0,13.0,50.0,Kirin 9010,5050,6.8,99999,2024,,Pura 70
652,Huawei,Pura 70 Pro+,220,12.0,13.0,50.0,Kirin 9010,5050,6.8,114999,2024,,Pura 70
653,Huawei,Pura 70 Ultra,226,16.0,13.0,50.0,Kirin 9010,5200,6.8,129999,2024,,Pura 70
654,Huawei,Mate 70,220,12.0,13.0,50.0,Kirin 9010,4900,6.7,89999,2024,70,Mate
655,Huawei,Mate 70 Pro,220,12.0,13.0,50.0,Kirin 9010,5000,6.8,104999,2024,,Mate 70
656,Huawei,Mate 70 Pro+,220,12.0,13.0,50.0,Kirin 9010,5000,6.8,119999,2024,,Mate 70
657,Huawei,Mate X6,241,12.0,8.0,50.0,Kirin 9010,4800,7.93,249999,2024,6,Mate
658,Huawei,Nova 12,168,8.0,60.0,50.0,Kirin 9000S,4500,6.7,44999,2024,12,Nova
659,Huawei,Nova 12 Pro,188,8.0,60.0,50.0,Kirin 9000S,4500,6.78,54999,2024,,Nova 12
660,Huawei,Mate XT 256GB,245,12.0,13.0,50.0,Kirin 9010,5000,7.92,259999,2024,256,Mate XT
661,Huawei,Mate XT 512GB,245,12.0,13.0,50.0,Kirin 9010,5000,7.92,274999,2024,512,Mate XT
662,Huawei,Nova 13 256GB,170,8.0,50.0,50.0,Kirin 9000S,4600,6.7,47999,2024,256,Nova 13
663,Huawei,Nova 13 512GB,170,8.0,50.0,50.0,Kirin 9000S,4600,6.7,54999,2024,512,Nova 13
664,Huawei,Nova 13 Pro 256GB,190,8.0,60.0,50.0,Kirin 9000S,4600,6.78,59999,2024,256,Nova 13 Pro
665,Huawei,Nova 13 Pro 512GB,190,8.0,60.0,50.0,Kirin 9000S,4600,6.78,67999,2024,512,Nova 13 Pro
666,Nokia,G42 5G 128GB,193,4.0,8.0,50.0,Snapdragon 480+,5000,6.56,18999,2023,128,G42 5G
667,Nokia,G20 64GB,197,4.0,8.0,48.0,MediaTek G35,5050,6.52,12499,2021,64,G20
668,Nokia,G20 128GB,197,4.0,8.0,48.0,MediaTek G35,5050,6.52,13999,2021,128,G20
669,Nokia,C32 64GB,199,3.0,8.0,50.0,Unisoc SC9863A,5000,6.52,9999,2023,64,C32
670,Nokia,C32 128GB,199,4.0,8.0,50.0,Unisoc SC9863A,5000,6.52,10999,2023,128,C32
671,Nokia,G21 64GB,190,4.0,8.0,50.0,Unisoc T606,5050,6.5,11999,2022,64,G21
672,Nokia,G21 128GB,190,6.0,8.0,50.0,Unisoc T606,5050,6.5,13999,2022,128,G21
673,Nokia,C22 64GB,190,2.0,8.0,13.0,Unisoc SC9863A,5000,6.5,8499,2023,64,C22
674,Nokia,C22 128GB,190,3.0,8.0,13.0,Unisoc SC9863A,5000,6.5,9499,2023,128,C22
675,Nokia,G400 128GB,198,6.0,16.0,48.0,Snapdragon 480,5000,6.58,22999,2022,128,G400
676,Sony,Xperia 1 IV 256GB,185,12.0,12.0,12.0,Snapdragon 8 Gen 1,5000,6.5,119999,2022,256,Xperia 1 IV
677,Sony,Xperia 5 IV 128GB,172,8.0,12.0,12.0,Snapdragon 8 Gen 1,5000,6.1,89999,2022,128,Xperia 5 IV
678,Sony,Xperia 10 IV 128GB,161,6.0,8.0,12.0,Snapdragon 695,5000,6.0,49999,2022,128,Xperia 10 IV
679,Sony,Xperia 1 V 256GB,187,12.0,12.0,48.0,Snapdragon 8 Gen 2,5000,6.5,124999,2023,256,Xperia 1 V
680,Sony,Xperia 5 V 128GB,178,8.0,12.0,48.0,Snapdragon 8 Gen 2,5000,6.1,94999,2023,128,Xperia 5 V
681,Sony,Xperia 10 V 128GB,164,6.0,8.0,48.0,Snapdragon 695,5000,6.1,54999,2023,128,Xperia 10 V
682,Sony,Xperia 1 VI 256GB,190,12.0,12.0,48.0,Snapdragon 8 Gen 3,5000,6.5,129999,2024,256,Xperia 1 VI
683,Sony,Xperia 5 VI 128GB,180,8.0,12.0,48.0,Snapdragon 8 Gen 3,5000,6.1,99999,2024,128,Xperia 5 VI
684,Sony,Xperia 10 VI 128GB,167,6.0,8.0,48.0,Snapdragon 7 Gen 1,5000,6.1,59999,2024,128,Xperia 10 VI
685,Nokia,T21,466,4.0,8.0,8.0,Unisoc T612,8200,10.4,17999,2022,21,T21
686,Huawei,MatePad Pro 12.2 512GB,508,12.0,16.0,13.0,Kirin 9000S,10100,12.2,49990,2024,512,MatePad Pro 12.2
687,Huawei,MatePad Pro 13.2 512GB,580,12.0,16.0,13.0,Kirin 9000S,10100,13.2,58590,2024,512,MatePad Pro 13.2
688,Google,Pixel 3a 64GB,147,4.0,8.0,12.2,Snapdragon 670,3000,5.6,39999,2019,64,Pixel 3a
689,Google,Pixel 3a XL 64GB,167,4.0,8.0,12.2,Snapdragon 670,3700,6.0,44999,2019,64,Pixel 3a XL
690,Google,Pixel 4 64GB,162,6.0,8.0,12.2,Snapdragon 855,2800,5.7,59999,2019,64,Pixel 4
691,Google,Pixel 4 XL 64GB,193,6.0,8.0,12.2,Snapdragon 855,3700,6.3,69999,2019,64,Pixel 4 XL
692,Google,Pixel 4a 128GB,143,6.0,8.0,12.2,Snapdragon 730G,3140,5.8,31999,2020,128,Pixel 4a
693,Google,Pixel 4a 5G 128GB,168,6.0,8.0,12.2,Snapdragon 765G,3885,6.2,37999,2020,128,Pixel 4a 5G
694,Google,Pixel 5 128GB,151,8.0,8.0,12.2,Snapdragon 765G,4080,6.0,49999,2020,128,Pixel 5
695,Google,Pixel 5a 128GB,183,6.0,8.0,12.2,Snapdragon 765G,4680,6.34,42999,2021,128,Pixel 5a
696,Google,Pixel 6 128GB,207,8.0,8.0,50.0,Google Tensor,4614,6.4,59999,2021,128,Pixel 6
697,Google,Pixel 6 Pro 256GB,210,12.0,11.1,50.0,Google Tensor,5003,6.71,79999,2021,256,Pixel 6 Pro
698,Google,Pixel 6a 128GB,178,6.0,8.0,12.2,Google Tensor,4410,6.1,43999,2022,128,Pixel 6a
699,Google,Pixel 7 128GB,197,8.0,10.8,50.0,Google Tensor G2,4355,6.3,64999,2022,128,Pixel 7
700,Google,Pixel 7 Pro 256GB,212,12.0,10.8,50.0,Google Tensor G2,5000,6.7,89999,2022,256,Pixel 7 Pro
701,Google,Pixel 7a 128GB,193,8.0,10.8,64.0,Google Tensor G2,4385,6.1,44999,2023,128,Pixel 7a
702,Google,Pixel 8 128GB,187,8.0,10.5,50.0,Google Tensor G3,4575,6.2,69999,2023,128,Pixel 8
703,Google,Pixel 8 Pro 256GB,213,12.0,10.5,50.0,Google Tensor G3,5050,6.7,99999,2023,256,Pixel 8 Pro
704,Google,Pixel 8a 128GB,194,8.0,10.5,64.0,Google Tensor G3,4385,6.1,49999,2024,128,Pixel 8a
705,Google,Pixel 9 128GB,195,8.0,10.8,50.0,Google Tensor G4,4600,6.3,74999,2024,128,Pixel 9
706,Google,Pixel 9 Pro 256GB,216,12.0,10.8,50.0,Google Tensor G4,5050,6.7,109999,2024,256,Pixel 9 Pro
707,Google,Pixel 9 Pro XL 512GB,222,16.0,10.8,50.0,Google Tensor G4,5250,6.8,129999,2024,512,Pixel 9 Pro XL
708,Google,Pixel 9 Pro Fold 512GB,250,16.0,10.8,50.0,Google Tensor G4,5500,7.6,179999,2024,512,Pixel 9 Pro Fold
709,Tecno,Spark Go 1S 64GB,190,4.0,8.0,13.0,MediaTek Helio A22,5000,6.6,9999,2024,64,Spark Go 1S
710,Tecno,Megapad 11 256GB,450,8.0,13.0,50.0,MediaTek G99,8000,11,29999,2024,256,Megapad 11
711,Tecno,Pop 9 4G 64GB,195,3.0,5.0,8.0,Unisoc SC9863A,5000,6.52,7499,2024,64,Pop 9 4G
712,Tecno,Megapad 128GB,420,6.0,12.0,50.0,MediaTek Helio G80,7500,10.9,24999,2024,128,Megapad
713,Tecno,Camon 30S 256GB,198,8.0,32.0,50.0,MediaTek Dimensity 810,5200,6.8,39999,2024,256,Camon 30S
714,Tecno,Spark 30C 5G 128GB,200,6.0,16.0,50.0,MediaTek Dimensity 6100+,5000,6.6,14999,2024,128,Spark 30C 5G
715,Tecno,Spark 30 5G 128GB,195,6.0,16.0,50.0,MediaTek Dimensity 6020,5000,6.6,16999,2024,128,Spark 30 5G
716,Tecno,Pop 9 64GB,190,3.0,5.0,8.0,Unisoc SC9832E,5000,6.52,6999,2024,64,Pop 9
717,Tecno,Spark 30 Pro 256GB,205,8.0,32.0,50.0,MediaTek Helio G99,5200,6.8,19999,2024,256,Spark 30 Pro
718,Tecno,Spark 30 128GB,192,4.0,16.0,50.0,MediaTek Helio G85,5000,6.6,12999,2024,128,Spark 30
719,Tecno,Phantom V Fold2 512GB,280,12.0,32.0,64.0,MediaTek Dimensity 9200+,5500,7.85,169999,2024,512,Phantom V Fold2
720,Tecno,Phantom V Flip2 256GB,195,8.0,32.0,50.0,MediaTek Dimensity 8050,4300,6.9,79999,2024,256,Phantom V Flip2
721,Tecno,Pova 6 Neo 5G 256GB,225,8.0,16.0,50.0,MediaTek Dimensity 810,6000,6.8,29999,2024,256,Pova 6 Neo 5G
722,Tecno,Spark 30C 128GB,190,4.0,16.0,50.0,MediaTek Helio G85,5000,6.6,11999,2024,128,Spark 30C
723,Tecno,Spark Go 1 64GB,195,3.0,5.0,8.0,Unisoc SC9863A,5000,6.52,7499,2024,64,Spark Go 1
724,Tecno,Camon 30S Pro 512GB,202,12.0,50.0,108.0,MediaTek Dimensity 9200,5200,6.9,79999,2024,512,Camon 30S Pro
725,Tecno,Spark 20P 128GB,195,4.0,16.0,50.0,MediaTek Helio G85,5000,6.6,13999,2024,128,Spark 20P
726,Tecno,Spark 20 Pro 5G 256GB,210,8.0,32.0,50.0,MediaTek Dimensity 810,5200,6.8,24999,2024,256,Spark 20 Pro 5G
727,Tecno,Pova 6 Neo 256GB,230,8.0,16.0,50.0,MediaTek Helio G99,6000,6.8,22999,2024,256,Pova 6 Neo
728,Tecno,Camon 30 Premier 512GB,210,12.0,50.0,108.0,MediaTek Dimensity 9200,5200,6.9,89999,2024,512,Camon 30 Premier
729,Tecno,Camon 30 Pro 512GB,205,12.0,50.0,64.0,MediaTek Dimensity 8200,5200,6.8,64999,2024,512,Camon 30 Pro
730,Tecno,Camon 30 5G 256GB,198,8.0,32.0,50.0,MediaTek Dimensity 810,5000,6.7,39999,2024,256,Camon 30 5G
731,Tecno,Camon 30 128GB,195,6.0,32.0,50.0,MediaTek Helio G99,5000,6.7,29999,2024,128,Camon 30
732,Tecno,Pova 6 Pro 512GB,230,12.0,32.0,64.0,MediaTek Dimensity 8100,6000,6.9,79999,2024,512,Pova 6 Pro
733,Tecno,Spark 20 Pro+ 256GB,210,8.0,32.0,50.0,MediaTek Helio G99,5200,6.8,19999,2024,256,Spark 20 Pro+
734,Tecno,Spark 20 Pro 128GB,195,6.0,16.0,50.0,MediaTek Helio G85,5000,6.6,14999,2024,128,Spark 20 Pro
735,Tecno,Spark 20 128GB,192,4.0,16.0,50.0,MediaTek Helio G85,5000,6.6,12999,2024,128,Spark 20
736,Tecno,Spark 20C 128GB,190,4.0,16.0,50.0,MediaTek Helio G85,5000,6.6,11999,2024,128,Spark 20C
737,Tecno,Spark Go 2024 64GB,195,3.0,5.0,8.0,Unisoc SC9863A,5000,6.52,7499,2024,64,Spark Go 2024
738,Tecno,Pop 8 64GB,195,3.0,5.0,8.0,Unisoc SC9832E,5000,6.52,6999,2024,64,Pop 8
739,Tecno,Camon 20s Pro 5G 512GB,202,12.0,50.0,108.0,MediaTek Dimensity 9200,5200,6.9,79999,2024,512,Camon 20s Pro 5G
740,Tecno,Camon 20s Pro 256GB,202,12.0,50.0,108.0,MediaTek Dimensity 810,5200,6.9,59999,2024,256,Camon 20s Pro
741,Tecno,Camon 20s 256GB,200,8.0,32.0,50.0,MediaTek Helio G99,5000,6.7,34999,2024,256,Camon 20s
742,Tecno,Camon 20 Premier 512GB,205,12.0,50.0,108.0,MediaTek Dimensity 8200,5200,6.8,74999,2024,512,Camon 20 Premier
743,Tecno,Camon 20 Pro 5G 256GB,200,8.0,32.0,50.0,MediaTek Dimensity 810,5000,6.7,39999,2024,256,Camon 20 Pro 5G
744,Tecno,Camon 20 Pro 128GB,198,6.0,32.0,50.0,MediaTek Helio G99,5000,6.7,29999,2024,128,Camon 20 Pro
745,Tecno,Camon 20 128GB,195,6.0,32.0,50.0,MediaTek Helio G99,5000,6.7,29999,2024,128,Camon 20
746,Tecno,Pova 5G 512GB,240,8.0,32.0,50.0,MediaTek Dimensity 900,6000,6.9,54999,2024,512,Pova 5G
747,Tecno,Pova 5 256GB,230,8.0,16.0,50.0,MediaTek Helio G99,6000,6.8,24999,2024,256,Pova 5
748,Infinix,Xpad,450,6.0,8.0,13.0,MediaTek Helio G99,7000,10.1,21999,2024,,Xpad
749,Infinix,Xpad 5G,470,8.0,16.0,50.0,MediaTek Dimensity 810,8000,10.4,29999,2024,5,Xpad
750,Infinix,Xpad Lite,420,4.0,5.0,8.0,Unisoc T606,6000,9.7,14999,2024,,Xpad
751,Infinix,Xpad Pro,480,12.0,32.0,50.0,MediaTek Dimensity 9200,9000,11.0,39999,2024,,Xpad
752,Infinix,Hot 50,192,6.0,8.0,50.0,MediaTek Helio G85,5000,6.78,14999,2024,50,Hot
753,Infinix,Hot 50i,190,4.0,8.0,50.0,Unisoc T606,5000,6.6,12499,2024,50,Hot
754,Infinix,Hot 50 5G,195,8.0,16.0,50.0,MediaTek Dimensity 810,5200,6.78,18999,2024,5,Hot 50
755,Infinix,Hot 50 Pro,194,8.0,16.0,50.0,MediaTek Helio G99,5000,6.8,17999,2024,,Hot 50
756,Infinix,Hot 50 Pro+,196,12.0,32.0,108.0,MediaTek Dimensity 9200,5300,6.9,24999,2024,,Hot 50
757,Infinix,GT 20 Pro,198,12.0,32.0,108.0,MediaTek Dimensity 8200,5500,6.9,32999,2024,,GT 20
758,Infinix,Note 40X 5G,198,8.0,32.0,108.0,MediaTek Dimensity 7200,5200,6.8,23999,2024,5,Note 40X
759,Infinix,Note 40S,196,8.0,32.0,50.0,MediaTek Helio G99,5000,6.78,16999,2024,40,Note
760,Infinix,Note 40 5G,195,8.0,32.0,108.0,MediaTek Dimensity 8100,5200,6.8,19999,2024,5,Note 40
761,Infinix,Note 40 Pro 5G,195,12.0,32.0,108.0,MediaTek Dimensity 9000,5300,6.8,27999,2024,5,Note 40 Pro
762,Infinix,Note 40 Racing Edition,196,12.0,32.0,108.0,MediaTek Dimensity 9200,5500,6.9,32999,2024,,Note 40 Racing
763,Infinix,Hot 40,196,8.0,32.0,50.0,MediaTek Helio G88,5000,6.78,12499,2023,40,Hot
764,Infinix,Hot 40i,195,4.0,8.0,13.0,Unisoc T606,5000,6.6,10999,2023,40,Hot
765,Infinix,Hot 40 Pro,195,8.0,32.0,108.0,MediaTek Helio G99,5000,6.78,14999,2023,,Hot 40
766,Infinix,Zero 40,195,12.0,50.0,108.0,MediaTek Dimensity 8200,5000,6.78,24999,2024,40,Zero
767,Infinix,Zero 40 5G,195,12.0,50.0,108.0,MediaTek Dimensity 8200,5000,6.78,27999,2024,5,Zero 40
768,Infinix,Zero Flip,190,8.0,32.0,108.0,Qualcomm Snapdragon 778G,4500,6.7,32999,2024,,Zero
769,Infinix,Note 40,190,8.0,32.0,108.0,MediaTek Helio G99,5000,6.78,17999,2024,40,Note
770,Infinix,Note 40 Pro,190,12.0,32.0,108.0,MediaTek Dimensity 8100,5000,6.78,22999,2024,,Note 40
771,Infinix,Hot 30 128GB,196,8.0,8.0,50.0,MediaTek Helio G88,5000,6.78,12499,2023,128,Hot 30
772,Infinix,Hot 30i 128GB,191,4.0,8.0,13.0,Unisoc T606,5000,6.6,10999,2023,128,Hot 30i
773,Infinix,Hot 30i NFC 128GB,191,4.0,8.0,13.0,Unisoc T606,5000,6.6,11499,2023,128,Hot 30i NFC
774,Infinix,Hot 30 Play 128GB,205,4.0,8.0,16.0,MediaTek Helio G37,6000,6.82,11999,2023,128,Hot 30 Play
775,Infinix,Hot 30 5G 128GB,202,8.0,8.0,50.0,MediaTek Dimensity 810,5000,6.78,17999,2023,128,Hot 30 5G
776,Infinix,Zero 30 256GB,185,8.0,50.0,108.0,MediaTek Dimensity 8020,5000,6.78,26999,2023,256,Zero 30
777,Infinix,Zero 30 5G 256GB,185,12.0,50.0,108.0,MediaTek Dimensity 8020,5000,6.78,29999,2023,256,Zero 30 5G
778,Infinix,GT 10 Pro 256GB,187,8.0,32.0,108.0,MediaTek Dimensity 8050,5000,6.67,32999,2023,256,GT 10 Pro
779,Infinix,Hot 12 128GB,195,6.0,8.0,13.0,MediaTek Helio G85,5000,6.82,11499,2022,128,Hot 12
780,Infinix,Hot 12 Play 128GB,209,4.0,8.0,13.0,Unisoc T610,6000,6.82,10499,2022,128,Hot 12 Play
781,Infinix,Hot 12 Pro 128GB,191,8.0,8.0,50.0,Unisoc T616,5000,6.6,12999,2022,128,Hot 12 Pro
782,Infinix,Hot 12i 64GB,190,4.0,8.0,13.0,MediaTek Helio A22,5000,6.6,9999,2022,64,Hot 12i
783,Infinix,Hot 20 128GB,198,6.0,8.0,50.0,MediaTek Helio G85,5000,6.82,12999,2022,128,Hot 20
784,Infinix,Hot 20 Play 128GB,209,4.0,8.0,13.0,MediaTek Helio G37,6000,6.82,10999,2022,128,Hot 20 Play
785,Infinix,Hot 20s 128GB,202,8.0,8.0,50.0,MediaTek Helio G96,5000,6.78,14999,2022,128,Hot 20s
786,Infinix,Hot 20 5G 128GB,204,6.0,8.0,50.0,MediaTek Dimensity 810,5000,6.6,16999,2022,128,Hot 20 5G
787,Infinix,Hot 20i 64GB,195,4.0,8.0,13.0,MediaTek Helio G25,5000,6.6,9499,2022,64,Hot 20i
788,Infinix,Hot 10T 128GB,205,4.0,8.0,48.0,MediaTek Helio G70,5000,6.82,10499,2021,128,Hot 10T
789,Infinix,Hot 10S 128GB,211,6.0,8.0,48.0,MediaTek Helio G85,6000,6.82,11999,2021,128,Hot 10S
790,Infinix,Hot 10S NFC 128GB,211,6.0,8.0,48.0,MediaTek Helio G85,6000,6.82,12499,2021,128,Hot 10S NFC
791,Infinix,Hot 10 Lite 64GB,195,3.0,8.0,13.0,MediaTek Helio A25,5000,6.6,7999,2020,64,Hot 10 Lite
792,Infinix,Hot 10 Play 64GB,207,4.0,8.0,13.0,MediaTek Helio G25,6000,6.82,9499,2021,64,Hot 10 Play
793,Infinix,Hot 11 128GB,201,4.0,8.0,13.0,MediaTek Helio G70,5200,6.6,10999,2021,128,Hot 11
794,Infinix,Hot 11 Play 128GB,209,4.0,8.0,13.0,MediaTek Helio G35,6000,6.82,11499,2021,128,Hot 11 Play
795,Infinix,Hot 11s 128GB,205,6.0,8.0,50.0,MediaTek Helio G88,5000,6.78,12999,2021,128,Hot 11s
796,Infinix,Smart HD 32GB,195,2.0,5.0,8.0,MediaTek Helio A20,5000,6.1,5999,2020,32,Smart HD
797,Infinix,Note 8i 128GB,210,6.0,8.0,48.0,MediaTek Helio G80,5200,6.78,12999,2020,128,Note 8i
798,Infinix,Hot 10 Lite 64GB,195,3.0,8.0,13.0,MediaTek Helio A25,5000,6.6,7999,2020,64,Hot 10 Lite
799,Infinix,Note 8 128GB,210,6.0,16.0,64.0,MediaTek Helio G80,5200,6.95,15999,2020,128,Note 8
800,Infinix,Zero 8i 128GB,210,8.0,16.0,48.0,MediaTek Helio G90T,4500,6.85,17999,2020,128,Zero 8i
801,Infinix,Hot 10 128GB,204,4.0,8.0,16.0,MediaTek Helio G70,5200,6.78,10999,2020,128,Hot 10
802,Infinix,Zero 8 128GB,205,8.0,48.0,64.0,MediaTek Helio G90T,4500,6.85,19999,2020,128,Zero 8
803,Infinix,Smart 5 64GB,195,3.0,8.0,13.0,MediaTek Helio A20,5000,6.6,7499,2020,64,Smart 5
804,Honor,9X Lite,175,4.0,8.0,48.0,Kirin 710F,3750,6.5,15999,2020,,9X
805,Honor,30,185,8.0,32.0,40.0,Kirin 985 5G,4000,6.53,29999,2020,30,30
806,Honor,30 Pro,190,8.0,32.0,50.0,Kirin 990 5G,4000,6.57,39999,2020,,30
807,Honor,30 Pro+,192,12.0,32.0,50.0,Kirin 990 5G,4000,6.57,45999,2020,,30
808,Honor,30S,190,6.0,16.0,64.0,Kirin 820 5G,4000,6.5,22999,2020,30,30S
809,Honor,X10,203,6.0,16.0,40.0,Kirin 820 5G,4300,6.63,19999,2020,10,X10
810,Honor,X10 Max,227,8.0,8.0,48.0,MediaTek Dimensity 800,5000,7.09,25999,2020,,X10
811,Honor,Play 4,213,6.0,16.0,64.0,MediaTek Dimensity 800,4300,6.81,21999,2020,4,Play
812,Honor,Play 4 Pro,213,8.0,32.0,40.0,Kirin 990 5G,4200,6.57,29999,2020,,Play 4
813,Honor,10X Lite,206,4.0,8.0,48.0,Kirin 710A,5000,6.67,13999,2020,,10X
814,Honor,V40,189,8.0,16.0,50.0,MediaTek Dimensity 1000+,4000,6.72,37999,2021,40,V40
815,Honor,50,175,8.0,32.0,108.0,Qualcomm Snapdragon 778G,4300,6.57,37999,2021,50,50
816,Honor,50 Pro,187,8.0,32.0,108.0,Qualcomm Snapdragon 778G,4000,6.72,44999,2021,,50
817,Honor,50 SE,191,8.0,16.0,108.0,MediaTek Dimensity 900,4000,6.78,29999,2021,,50
818,Honor,X20,192,6.0,16.0,64.0,MediaTek Dimensity 900,4300,6.67,25999,2021,20,X20
819,Honor,X20 SE,179,6.0,16.0,64.0,MediaTek Dimensity 700,4000,6.6,22999,2021,,X20
820,Honor,Play 5,179,8.0,16.0,64.0,MediaTek Dimensity 800U,3800,6.53,19999,2021,5,Play
821,Honor,Play 5T,191,6.0,8.0,13.0,Unisoc T610,5000,6.5,14999,2021,5,Play
822,Honor,Magic3,202,8.0,13.0,50.0,Qualcomm Snapdragon 888,4600,6.76,64999,2021,3,Magic3
823,Honor,Magic3 Pro,213,8.0,13.0,50.0,Qualcomm Snapdragon 888+,4600,6.76,74999,2021,,Magic3
824,Honor,Magic3 Pro+,236,12.0,13.0,50.0,Qualcomm Snapdragon 888+,4600,6.76,84999,2021,,Magic3
825,Honor,60,179,8.0,32.0,108.0,Qualcomm Snapdragon 778G,4800,6.67,41999,2021,60,60
826,Honor,60 Pro,192,8.0,50.0,108.0,Qualcomm Snapdragon 778G+,4800,6.78,49999,2021,,60
827,Honor,60 SE,191,8.0,16.0,64.0,MediaTek Dimensity 900,4300,6.67,29999,2021,,60
828,Honor,X30,189,6.0,16.0,48.0,Qualcomm Snapdragon 695,4800,6.81,27999,2021,30,X30
829,Honor,X30i,175,6.0,16.0,48.0,MediaTek Dimensity 810,4000,6.7,22999,2021,30,X30i
830,Honor,X30 Max,228,8.0,8.0,64.0,MediaTek Dimensity 900,5000,7.09,35999,2021,,X30
831,Honor,Play 6,190,6.0,5.0,13.0,MediaTek MT6762G Helio G25,5000,6.52,12999,2022,6,Play
832,Honor,Play 6T,198,6.0,5.0,13.0,MediaTek Dimensity 700,5000,6.74,16999,2022,6,Play
833,Honor,Magic4,199,8.0,12.0,50.0,Qualcomm Snapdragon 8 Gen 1,4800,6.81,72999,2022,4,Magic4
834,Honor,Magic4 Pro,215,8.0,12.0,50.0,Qualcomm Snapdragon 8 Gen 1,4600,6.81,84999,2022,,Magic4
835,Honor,Magic4 Ultimate,242,12.0,12.0,50.0,Qualcomm Snapdragon 8 Gen 1,4600,6.81,99999,2022,,Magic4
836,Honor,Magic V,288,12.0,42.0,50.0,Qualcomm Snapdragon 8 Gen 1,4750,7.9,149999,2022,,Magic
837,Honor,70,178,8.0,32.0,54.0,Qualcomm Snapdragon 778G+,4800,6.67,46999,2022,70,70
838,Honor,70 Pro,192,8.0,50.0,54.0,MediaTek Dimensity 8000,4500,6.78,59999,2022,,70
839,Honor,70 Pro+,209,12.0,50.0,54.0,MediaTek Dimensity 9000,4500,6.78,69999,2022,,70
840,Honor,X40,172,6.0,8.0,50.0,Qualcomm Snapdragon 695,5100,6.67,26999,2022,40,X40
841,Honor,X40i,175,6.0,8.0,50.0,MediaTek Dimensity 700,4000,6.7,22999,2022,40,X40i
842,Honor,Play 7,196,4.0,5.0,13.0,MediaTek Helio G37,5200,6.74,12499,2023,7,Play
843,Honor,Play 7T,199,6.0,5.0,13.0,MediaTek Dimensity 6020,5200,6.74,14999,2023,7,Play
844,Honor,Magic5,204,8.0,12.0,50.0,Qualcomm Snapdragon 8 Gen 2,5100,6.81,79999,2023,5,Magic5
845,Honor,Magic5 Pro,219,12.0,12.0,50.0,Qualcomm Snapdragon 8 Gen 2,5100,6.81,99999,2023,,Magic5
846,Honor,Magic5 Ultimate,234,16.0,12.0,50.0,Qualcomm Snapdragon 8 Gen 2,5450,6.81,119999,2023,,Magic5
847,Honor,Magic Vs,267,12.0,16.0,50.0,Qualcomm Snapdragon 8+ Gen 1,5000,7.9,149999,2023,,Magic
848,Honor,80,180,8.0,32.0,160.0,Qualcomm Snapdragon 782G,4800,6.67,46999,2022,80,80
849,Honor,80 Pro,193,12.0,50.0,160.0,Qualcomm Snapdragon 8+ Gen 1,4800,6.78,69999,2022,,80
850,Honor,80 SE,175,8.0,32.0,64.0,MediaTek Dimensity 900,4600,6.67,34999,2022,,80
851,Honor,X50,185,6.0,8.0,108.0,Qualcomm Snapdragon 6 Gen 1,5800,6.78,28999,2023,50,X50
852,Honor,X50i,179,6.0,8.0,100.0,MediaTek Dimensity 6020,4500,6.7,21999,2023,50,X50i
853,Honor,Play 8,191,4.0,5.0,13.0,MediaTek Helio G36,5000,6.52,11499,2023,8,Play
854,Honor,Play 8T,195,6.0,5.0,50.0,MediaTek Dimensity 6100+,5200,6.74,13999,2023,8,Play
855,Honor,Magic6,203,8.0,12.0,50.0,Qualcomm Snapdragon 8 Gen 3,5200,6.81,89999,2024,6,Magic6
856,Honor,Magic6 Pro,219,12.0,12.0,50.0,Qualcomm Snapdragon 8 Gen 3,5500,6.81,109999,2024,,Magic6
857,Honor,Magic6 Ultimate,234,16.0,12.0,50.0,Qualcomm Snapdragon 8 Gen 3,5550,6.81,129999,2024,,Magic6
858,Honor,Magic V2,231,12.0,16.0,50.0,Qualcomm Snapdragon 8 Gen 2,5000,7.92,159999,2024,2,Magic
859,Honor,90,183,12.0,50.0,200.0,Qualcomm Snapdragon 7 Gen 1,5000,6.7,54999,2023,90,90
860,Honor,90 Pro,192,12.0,50.0,200.0,Qualcomm Snapdragon 8+ Gen 1,5000,6.78,64999,2023,,90
861,Honor,90 SE,175,8.0,32.0,64.0,MediaTek Dimensity 900,4600,6.67,34999,2023,,90
862,Honor,X60,185,6.0,8.0,108.0,Qualcomm Snapdragon 6 Gen 1,5800,6.78,28999,2023,60,X60
863,Honor,X60i,179,6.0,8.0,100.0,MediaTek Dimensity 6020,4500,6.7,21999,2023,60,X60i
864,Honor,Play 9,191,4.0,5.0,13.0,MediaTek Helio G36,5000,6.52,11499,2023,9,Play
865,Honor,Play 9T,195,6.0,5.0,50.0,MediaTek Dimensity 6100+,5200,6.74,13999,2023,9,Play
866,Honor,Magic7,203,8.0,12.0,50.0,Qualcomm Snapdragon 8 Gen 3,5200,6.81,89999,2024,7,Magic7
867,Honor,Magic7 Pro,219,12.0,12.0,50.0,Qualcomm Snapdragon 8 Gen 3,5500,6.81,109999,2024,,Magic7
868,Honor,Magic7 Ultimate,234,16.0,12.0,50.0,Qualcomm Snapdragon 8 Gen 3,5550,6.81,129999,2024,,Magic7
869,Honor,Magic V3,231,12.0,16.0,50.0,Qualcomm Snapdragon 8 Gen 2,5000,7.92,159999,2024,3,Magic
870,Honor,Pad 6,460,4.0,2.0,5.0,Qualcomm Snapdragon 662,5100,10.1,17999,2020,6,Pad
871,Honor,Pad X6,460,3.0,2.0,5.0,MediaTek MT8768T,5100,9.7,14999,2020,6,Pad
872,Honor,Pad 7,460,4.0,2.0,5.0,MediaTek Helio G80,5100,10.1,19999,2021,7,Pad
873,Honor,Tablet V7,480,6.0,8.0,13.0,MediaTek Dimensity 800,7250,10.4,34999,2021,7,Tablet
874,Honor,Tablet V7 Pro,485,8.0,8.0,13.0,MediaTek Dimensity 1300T,7250,11.0,44999,2021,,Tablet V7
875,Honor,Pad 8,520,6.0,5.0,5.0,Qualcomm Snapdragon 680,7250,12.0,24999,2022,8,Pad
876,Honor,Pad X8,460,4.0,2.0,5.0,MediaTek Helio G80,5100,10.1,16999,2022,8,Pad
877,Honor,Pad X8 Lite,450,3.0,2.0,5.0,MediaTek MT8786,5000,9.7,12999,2022,,Pad X8
878,Honor,Pad V8,510,6.0,5.0,13.0,MediaTek Dimensity 8020,7250,11.0,39999,2023,8,Pad
879,Honor,Pad V8 Pro,530,8.0,8.0,13.0,MediaTek Dimensity 9000,8500,12.1,54999,2023,,Pad V8
880,Honor,Pad 9,550,8.0,8.0,13.0,Qualcomm Snapdragon 6 Gen 1,8300,12.1,34999,2024,9,Pad
881,Honor,Pad 9 Pro,560,12.0,8.0,13.0,MediaTek Dimensity 8100,9000,12.6,44999,2024,,Pad 9
882,Honor,Pad X9,495,6.0,5.0,8.0,Qualcomm Snapdragon 685,7250,11.5,22999,2023,9,Pad
883,Honor,Pad X8 Pro,460,4.0,2.0,5.0,MediaTek Helio G80,5100,10.1,16999,2023,,Pad X8
884,Honor,MagicPad 13,590,12.0,8.0,13.0,Qualcomm Snapdragon 8+ Gen 1,10000,13.0,64999,2023,13,MagicPad
885,Honor,MagicPad 2,580,16.0,12.0,16.0,Qualcomm Snapdragon 8 Gen 2,10500,13.2,74999,2024,2,MagicPad
886,Honor,Pad X8a,450,4.0,2.0,5.0,MediaTek MT8786,5000,9.7,12999,2023,8,Pad
887,Honor,Pad X8a Kids Edition,460,3.0,2.0,5.0,MediaTek MT8786,5100,9.7,10999,2023,,Pad X8a Kids
888,Honor,Pad X9 Pro,505,8.0,8.0,13.0,Qualcomm Snapdragon 7s Gen 2,8000,11.6,29999,2024,,Pad X9
889,Honor,Pad V9,530,8.0,8.0,13.0,MediaTek Dimensity 9000,8500,12.1,54999,2024,9,Pad
890,Honor,Pad GT Pro,610,12.0,12.0,16.0,Qualcomm Snapdragon 8 Gen 3,10500,13.5,84999,2024,,Pad GT
891,Honor,Pad X10,475,6.0,5.0,8.0,Qualcomm Snapdragon 685,8850,12.1,29999,2024,10,Pad
892,Honor,Pad X10 Pro,485,8.0,8.0,13.0,Qualcomm Snapdragon 7s Gen 2,9000,12.6,39999,2024,,Pad X10
893,Honor,MagicPad 3,590,12.0,12.0,16.0,Qualcomm Snapdragon 8 Gen 3,10500,13.0,64999,2024,3,MagicPad
894,Honor,Pad V10,530,8.0,8.0,13.0,MediaTek Dimensity 9000,8500,12.1,54999,2024,10,Pad
895,POCO,F2 Pro 128GB,219,6.0,20.0,64.0,Snapdragon 865,4700,6.67,37999,2020,128,F2 Pro
896,POCO,M2 Pro 64GB,209,4.0,16.0,48.0,Snapdragon 720G,5000,6.67,13999,2020,64,M2 Pro
897,POCO,X3 NFC 128GB,215,6.0,20.0,64.0,Snapdragon 732G,5160,6.67,16999,2020,128,X3 NFC
898,POCO,M3 64GB,198,4.0,8.0,48.0,Snapdragon 662,6000,6.53,10999,2020,64,M3
899,POCO,F3 128GB,196,6.0,20.0,48.0,Snapdragon 870,4520,6.67,29999,2021,128,F3
900,POCO,X3 Pro 128GB,215,6.0,20.0,48.0,Snapdragon 860,5160,6.67,18999,2021,128,X3 Pro
901,POCO,M3 Pro 5G 64GB,190,4.0,8.0,48.0,MediaTek Dimensity 700,5000,6.5,13999,2021,64,M3 Pro 5G
902,POCO,F3 GT 128GB,205,6.0,16.0,64.0,MediaTek Dimensity 1200,5065,6.67,25999,2021,128,F3 GT
903,POCO,X3 GT 128GB,193,6.0,16.0,64.0,MediaTek Dimensity 1100,5000,6.6,21999,2021,128,X3 GT
904,POCO,M4 Pro 5G 128GB,195,4.0,16.0,50.0,MediaTek Dimensity 810,5000,6.6,14999,2021,128,M4 Pro 5G
905,POCO,F4 128GB,195,6.0,20.0,64.0,Snapdragon 870,4500,6.67,27999,2022,128,F4
906,POCO,F4 GT 128GB,210,8.0,20.0,64.0,Snapdragon 8 Gen 1,4700,6.67,39999,2022,128,F4 GT
907,POCO,X4 Pro 5G 128GB,205,6.0,16.0,108.0,Snapdragon 695,5000,6.67,18999,2022,128,X4 Pro 5G
908,POCO,M4 Pro 128GB,179,6.0,16.0,64.0,MediaTek Helio G96,5000,6.43,14999,2022,128,M4 Pro
909,POCO,M5 128GB,201,4.0,5.0,50.0,MediaTek Helio G99,5000,6.58,12499,2022,128,M5
910,POCO,M5s 128GB,178.8,4.0,13.0,64.0,MediaTek Helio G95,5000,6.43,13999,2022,128,M5s
911,POCO,F5 128GB,181,6.0,16.0,64.0,Snapdragon 7+ Gen 2,5000,6.67,29999,2023,128,F5
912,POCO,F5 Pro 256GB,204,8.0,20.0,64.0,Snapdragon 8+ Gen 1,5160,6.67,39999,2023,256,F5 Pro
913,POCO,X5 128GB,189,6.0,13.0,48.0,Snapdragon 695,5000,6.67,18999,2023,128,X5
914,POCO,X5 Pro 128GB,181,6.0,16.0,108.0,Snapdragon 778G,5000,6.67,22999,2023,128,X5 Pro
915,POCO,M6 64GB,199,4.0,8.0,50.0,MediaTek Helio G88,5000,6.58,12999,2023,64,M6
916,POCO,M6 Pro 128GB,202,6.0,8.0,50.0,Snapdragon 4 Gen 1,5000,6.79,14999,2023,128,M6 Pro
917,POCO,X6 128GB,193,6.0,16.0,64.0,MediaTek Dimensity 8100,5000,6.67,21999,2024,128,X6
918,POCO,X6 Pro 256GB,205,8.0,20.0,108.0,MediaTek Dimensity 8300,5000,6.67,24999,2024,256,X6 Pro
919,POCO,F6 128GB,190,6.0,20.0,64.0,Snapdragon 8 Gen 2,5000,6.67,34999,2024,128,F6
920,POCO,F6 Pro 256GB,210,8.0,20.0,108.0,Snapdragon 8+ Gen 2,5160,6.67,44999,2024,256,F6 Pro
921,POCO,C65 64GB,190,4.0,5.0,50.0,MediaTek Helio G85,5000,6.5,10999,2024,64,C65
922,POCO,X7 128GB,195,6.0,16.0,64.0,MediaTek Dimensity 8200,5000,6.67,22999,2025,128,X7
923,POCO,X7 Pro 256GB,207,8.0,20.0,108.0,MediaTek Dimensity 8400,6000,6.67,27999,2025,256,X7 Pro
924,POCO,M7 5G 128GB,198,6.0,8.0,50.0,MediaTek Dimensity 7025,5110,6.67,15999,2024,128,M7 5G
925,Poco,Pad 5G 128GB,571,8.0,8.0,8.0,Snapdragon 7s Gen 2,10000,12.1,23999,2024,128,Pad 5G
926,Poco,Pad 5G 256GB,571,8.0,8.0,8.0,Snapdragon 7s Gen 2,10000,12.1,25999,2024,256,Pad 5G
927,Samsung,Galaxy Z Fold6 256GB,239,12.0,,50.0,Snapdragon 8 Gen 3,4400,7.6,164999,2024,256,Galaxy Z Fold6
928,Samsung,Galaxy Z Fold6 512GB,239,12.0,,50.0,Snapdragon 8 Gen 3,4400,7.6,176999,2024,512,Galaxy Z Fold6
929,Samsung,Galaxy Z Fold6 1TB,239,12.0,,50.0,Snapdragon 8 Gen 3,4400,7.6,200999,2024,1,Galaxy Z Fold6
